filename,x0,y0,x1,y1,x2,y2,x3,y3,x4,y4,x5,y5,x6,y6,x7,y7,x8,y8,x9,y9,x10,y10,x11,y11,x12,y12,x13,y13,x14,y14,x15,y15,x16,y16,x17,y17,x18,y18,x19,y19,x20,y20,label
20210519 075524 177627,185,256,118,214,80,150,73,90,82,45,109,103,113,44,112,90,113,121,147,105,150,49,143,108,145,133,185,115,188,63,176,120,177,148,225,130,221,88,207,125,206,150,A
20210519 075526 014755,199,254,129,221,84,161,72,102,77,56,106,108,112,45,117,91,117,121,146,106,153,49,151,109,150,134,186,111,192,56,185,115,184,144,228,119,227,72,217,110,214,137,A
20210519 075531 845754,192,255,124,221,82,159,74,97,83,49,103,105,111,45,112,94,111,121,144,104,151,50,146,113,144,132,184,110,191,60,180,121,178,143,225,120,225,77,212,117,208,139,A
20210519 075533 414592,214,253,140,229,88,176,69,115,75,66,108,113,107,51,115,100,120,130,148,106,147,47,150,110,153,134,188,107,187,49,185,111,188,141,232,111,225,64,217,104,218,132,A
20210519 075537 979260,199,254,125,224,81,169,75,108,86,61,108,111,111,49,113,95,117,126,146,107,148,47,144,106,146,134,185,109,186,51,176,110,179,143,226,117,221,69,210,107,209,137,A
20210519 075539 465692,192,254,123,217,85,154,77,93,76,45,101,108,113,51,116,96,113,121,142,109,154,57,150,118,145,134,181,117,191,69,182,129,176,148,222,128,223,90,210,131,206,149,A
20210519 075542 386838,194,254,122,218,81,156,74,96,85,51,107,106,110,45,111,90,114,122,145,105,148,46,143,104,145,133,183,111,186,54,176,112,177,144,225,121,221,74,209,110,207,139,A
20210519 075543 626376,189,255,121,217,82,154,75,92,76,45,103,112,111,57,114,105,112,128,143,114,152,63,148,126,145,140,183,122,190,76,179,136,175,153,224,133,222,96,209,137,206,154,A
20210519 075544 943691,195,255,128,224,86,165,76,105,85,59,108,108,112,45,112,87,115,118,146,107,148,46,141,103,142,129,184,115,186,59,174,115,175,143,224,127,219,82,205,119,204,144,A
20210519 075547 430872,233,251,155,236,95,188,70,128,65,75,104,120,96,56,114,107,122,138,146,108,138,48,151,115,155,136,189,105,181,49,187,115,193,139,235,105,222,62,219,107,222,129,A
20210519 075548 809768,194,255,119,220,76,160,72,99,85,53,104,108,109,46,110,92,113,123,145,107,148,50,143,111,145,137,185,112,188,58,177,118,179,148,227,123,223,77,211,117,211,144,A
20210519 075550 662934,175,255,106,215,73,153,77,93,94,50,109,103,121,44,115,91,112,121,148,108,159,53,143,113,141,138,186,118,196,66,176,124,174,153,226,133,228,88,209,127,206,153,A
20210519 075552 496201,160,256,96,208,70,144,82,87,105,48,114,101,133,45,120,88,113,118,152,110,169,57,145,114,139,139,187,126,203,75,174,129,168,159,222,146,230,103,207,138,199,163,A
20210519 075555 139653,160,255,96,207,70,143,82,85,104,45,113,100,130,44,118,89,112,118,152,108,167,57,144,115,139,139,188,124,203,74,175,130,171,158,224,144,230,103,208,141,203,164,A
20210519 075556 303255,195,255,124,223,81,164,74,104,83,57,105,107,109,45,111,93,112,124,145,106,148,47,143,110,143,134,185,112,188,56,177,118,178,146,228,122,223,76,210,117,210,143,A
20210519 075557 505019,214,253,140,231,86,178,68,118,69,67,102,113,98,50,106,98,112,129,143,106,139,46,143,108,146,131,186,107,182,52,180,114,184,140,231,112,222,69,214,111,216,134,A
20210519 075559 893367,208,253,134,228,82,173,69,110,74,59,100,110,100,48,107,101,110,130,143,105,142,46,144,112,144,131,186,107,185,53,181,118,182,141,232,113,225,68,215,112,215,135,A
20210519 075603 249781,173,249,106,207,75,148,80,91,99,51,111,109,123,53,116,94,113,121,148,113,160,61,145,117,143,142,184,123,195,73,176,127,173,157,222,137,224,93,207,129,203,155,A
20210519 075604 498951,181,252,114,216,75,158,72,100,87,57,107,106,117,49,115,95,113,124,146,108,156,55,145,114,142,137,185,117,194,66,178,123,174,151,224,129,226,86,211,122,206,148,A
20210519 075607 890041,184,264,115,225,72,159,68,93,86,44,102,98,108,36,105,91,105,121,145,100,151,40,140,107,139,129,187,108,191,51,176,114,177,143,231,122,229,71,213,112,211,140,A
20210519 075610 010468,217,262,138,237,81,178,62,112,61,54,95,106,92,41,100,98,104,130,143,100,138,38,140,110,143,130,190,100,185,42,181,112,184,137,240,105,229,55,219,101,220,127,A
20210519 075611 785235,181,263,110,220,71,151,70,87,87,38,105,99,113,36,108,88,107,118,146,102,152,42,139,108,140,132,187,111,192,53,174,116,176,146,230,126,228,75,210,117,209,145,A
20210519 075616 678048,193,262,117,225,71,160,64,94,82,44,106,99,106,38,105,93,108,123,147,101,147,42,141,113,145,136,190,109,188,53,175,122,180,150,235,122,227,74,212,119,214,147,A
20210519 075701 213334,171,269,126,246,98,195,119,154,153,151,124,150,124,105,127,75,132,50,152,145,149,94,149,59,151,31,176,149,173,104,170,72,170,47,201,162,199,127,196,103,193,79,B
20210519 075703 050697,179,269,135,251,102,208,117,170,150,166,120,155,112,109,109,79,107,51,147,148,136,97,130,61,126,30,171,150,161,103,154,71,148,43,198,162,190,124,183,99,176,76,B
20210519 075704 176238,194,269,148,258,108,217,120,177,153,171,121,159,108,114,101,81,97,54,147,149,130,99,120,62,114,31,173,149,158,103,146,69,138,41,203,158,190,121,181,97,171,75,B
20210519 075705 380114,219,267,171,264,125,230,134,185,167,170,124,165,102,120,90,88,81,59,150,150,124,101,108,64,96,33,177,146,153,100,137,67,123,38,210,151,190,114,176,90,163,66,B
20210519 075708 737792,176,270,133,253,100,209,115,170,147,166,122,153,118,109,117,79,118,52,149,147,142,96,139,60,137,30,173,151,166,103,161,70,157,42,200,164,193,127,188,103,183,80,B
20210519 075716 396248,182,270,136,255,101,212,118,173,152,171,120,156,114,110,114,78,115,51,147,148,138,97,132,61,129,30,172,150,162,103,156,69,152,40,199,162,191,124,186,100,180,76,B
20210519 075720 530940,168,270,126,248,98,200,118,163,151,161,126,149,127,105,131,75,134,49,153,145,153,95,154,59,156,30,177,151,176,105,175,72,175,45,201,165,200,129,199,104,196,81,B
20210519 075727 788684,192,269,145,257,107,217,119,177,153,172,121,159,108,114,103,82,100,54,147,149,131,99,122,62,117,31,171,149,157,102,147,68,140,40,200,157,188,119,179,94,171,71,B
20210519 075739 276161,178,271,132,254,97,207,112,169,147,169,123,151,119,106,119,75,120,48,150,145,145,94,142,58,142,28,175,148,170,100,166,68,163,42,203,161,197,123,193,98,189,75,B
20210519 075742 516195,168,270,124,248,95,198,113,161,145,163,128,146,129,103,132,73,136,48,156,143,155,94,156,59,159,30,180,149,178,103,177,71,177,45,205,165,203,128,202,103,200,80,B
20210519 075743 936820,156,270,113,242,91,189,112,154,143,162,130,143,137,100,145,71,153,46,157,143,164,94,169,59,175,30,181,153,185,107,188,75,190,49,203,170,208,133,209,108,210,85,B
20210519 075811 755824,163,268,121,244,102,196,119,154,146,140,123,147,126,102,130,72,135,48,151,144,153,94,155,60,159,32,174,151,176,105,175,76,176,51,198,166,197,131,196,109,194,87,B
20210519 075815 237053,163,268,123,243,101,196,124,160,158,160,125,149,129,103,134,72,140,47,153,147,154,96,155,60,157,32,176,153,176,107,176,76,176,49,199,169,200,134,198,110,197,87,B
20210519 075816 943256,162,268,119,244,101,194,133,164,164,179,123,151,126,104,131,73,136,47,151,147,151,98,152,61,156,32,175,154,175,106,175,72,177,44,199,169,197,133,198,109,199,84,B
20210519 075818 634391,163,268,121,248,101,200,131,172,162,185,124,151,126,105,132,73,137,48,152,147,151,97,153,61,156,32,175,153,175,105,175,72,176,44,198,169,197,133,198,108,198,84,B
20210519 075824 670644,164,268,123,243,104,195,132,160,166,165,124,151,125,104,129,73,134,48,150,147,150,98,151,61,154,32,173,154,173,108,172,76,172,48,197,169,196,133,195,108,195,84,B
20210519 075832 048138,174,270,131,253,98,210,110,174,143,176,125,149,121,105,122,74,123,48,151,145,146,95,143,60,143,31,176,150,170,104,167,72,164,45,202,164,197,128,194,103,189,82,B
20210519 075837 113654,169,269,127,248,99,203,125,173,159,180,125,147,125,103,127,72,130,46,153,143,151,95,149,60,149,31,177,149,174,105,171,74,169,48,200,164,197,128,194,104,191,82,B
20210519 075851 395235,180,263,139,251,104,215,116,183,147,178,118,154,110,112,106,82,103,55,144,146,132,100,126,66,120,36,169,150,157,106,149,75,143,48,196,162,185,127,179,104,172,83,B
20210519 075916 986911,255,257,183,227,130,195,84,184,45,175,179,98,140,59,102,47,67,45,198,97,151,49,104,43,65,49,215,109,169,57,121,52,83,57,225,131,188,92,151,77,117,68,C
20210519 075918 658533,258,250,189,221,135,190,87,183,43,181,185,88,137,60,98,54,61,55,204,85,142,51,94,50,53,55,217,99,158,58,109,56,69,61,221,124,173,93,134,82,99,73,C
20210519 075919 892663,248,258,182,229,133,196,89,182,53,170,173,111,143,71,113,52,84,42,192,110,158,60,120,47,86,44,210,117,177,67,137,54,104,52,226,131,195,94,162,79,131,69,C
20210519 075920 994842,240,258,173,229,131,200,94,182,60,162,181,129,156,86,130,61,108,43,198,128,169,79,137,56,107,41,216,133,189,85,152,63,121,50,233,141,207,99,176,78,146,62,C
20210519 075922 366715,256,248,188,224,138,186,88,175,43,168,210,82,144,58,97,55,58,56,226,83,138,53,86,55,46,58,227,102,147,65,93,64,50,67,214,131,158,99,119,89,83,81,C
20210519 075924 331498,259,234,194,212,143,183,95,179,53,178,199,83,133,68,88,72,51,78,213,85,129,67,79,74,41,82,216,105,139,79,88,83,49,91,207,137,153,112,116,106,82,103,C
20210519 075926 100422,258,256,188,233,135,204,85,199,42,201,189,101,144,59,103,48,68,50,203,102,146,50,94,43,56,52,210,115,155,57,105,51,67,59,206,136,163,92,127,75,95,67,C
20210519 075930 506308,256,258,189,230,137,196,89,186,44,184,197,96,151,63,113,49,78,43,213,96,154,54,106,44,67,42,221,108,163,61,116,50,78,48,219,129,171,92,136,77,103,65,C
20210519 075932 411240,258,246,191,224,141,194,92,191,42,194,200,91,138,70,94,61,56,56,214,92,133,65,84,59,43,54,218,110,144,77,93,70,51,66,208,140,153,113,116,103,82,92,C
20210519 080109 611410,245,260,178,230,133,198,93,184,56,174,174,117,153,73,127,52,103,40,193,116,170,63,137,46,106,40,211,124,188,70,153,52,123,45,226,137,201,95,172,75,145,61,C
20210519 080159 305963,252,258,183,233,130,206,83,198,48,190,171,105,138,61,103,51,73,56,187,102,147,47,103,42,69,55,201,110,162,53,116,47,82,58,209,127,174,84,138,69,105,64,C
20210519 080217 235815,251,257,183,231,132,203,86,191,49,180,179,103,147,58,112,49,83,55,197,99,155,44,110,43,77,58,212,106,169,50,122,50,88,65,220,122,180,81,144,71,112,72,C
20210519 080233 539872,261,221,197,216,150,202,109,205,68,209,173,103,115,85,75,88,45,101,184,101,113,78,67,89,39,108,192,115,122,87,77,97,49,114,190,140,138,119,101,119,72,123,C
20210519 080238 867078,246,258,182,234,133,205,89,194,54,182,177,109,148,63,113,50,83,53,195,108,159,51,116,43,84,52,209,119,174,59,130,50,98,58,217,138,185,93,153,75,124,67,C
20210519 080242 088851,236,261,176,235,136,210,99,197,64,182,187,129,169,83,146,57,121,40,204,132,186,76,156,53,125,41,220,141,206,87,172,64,141,53,235,155,219,111,191,88,163,73,C
20210519 080248 382619,257,245,189,218,139,187,91,179,43,174,188,87,134,63,92,59,54,62,205,83,140,54,88,54,45,59,217,93,155,59,105,59,65,64,222,113,172,86,133,79,97,75,C
20210519 080341 980657,212,266,162,240,128,206,100,186,87,162,177,136,169,91,166,59,168,33,191,140,141,102,108,123,99,150,199,153,149,115,115,135,103,159,198,170,155,142,123,146,107,159,D
20210519 080344 423197,210,266,159,243,126,208,99,186,88,159,176,140,166,94,163,61,165,33,192,144,142,104,108,124,98,150,200,156,149,117,115,136,103,160,199,173,153,144,122,149,105,161,D
20210519 080347 148269,209,270,158,237,127,205,102,189,91,172,174,134,172,88,173,56,176,30,192,142,142,108,106,128,94,156,201,160,148,130,115,148,100,173,199,184,157,161,129,166,113,180,D
20210519 080348 807606,209,269,156,240,121,214,96,199,93,187,161,138,151,90,146,59,144,31,183,144,132,117,101,140,91,167,196,162,141,139,110,159,97,183,198,187,155,171,127,178,112,191,D
20210519 080353 586927,210,267,160,238,130,200,102,183,89,164,195,132,187,90,184,57,183,32,207,137,139,101,104,121,93,146,207,148,141,111,107,131,94,157,195,162,144,130,113,134,97,149,D
20210519 080356 614280,205,268,159,240,126,207,100,190,94,171,175,135,165,90,162,58,162,32,191,141,136,106,103,128,94,155,198,155,144,121,112,140,100,165,196,176,154,147,126,151,110,164,D
20210519 080358 216641,196,267,153,241,123,208,102,188,101,168,167,145,161,95,161,62,164,32,185,150,145,105,114,124,102,149,196,162,156,119,123,136,109,159,200,180,162,146,133,151,118,166,D
20210519 080359 557374,188,267,147,242,116,211,98,187,99,161,154,150,149,98,148,64,149,33,174,154,147,105,118,121,105,145,189,164,162,117,128,133,112,158,201,180,172,145,142,150,126,165,D
20210519 080418 479372,212,267,162,238,128,205,100,189,87,167,180,134,170,90,165,58,162,33,193,138,135,103,101,123,91,148,198,149,142,111,109,129,97,154,193,164,151,130,121,130,104,143,D
20210519 080430 148906,208,267,161,235,133,199,106,182,93,163,189,131,180,87,176,57,175,33,202,136,141,100,107,119,96,144,205,149,147,111,114,128,100,153,198,166,156,132,125,132,107,142,D
20210519 080431 854364,205,266,157,235,123,204,98,182,95,160,167,138,161,90,159,59,160,34,181,141,135,101,103,119,94,144,191,151,150,112,117,127,104,151,196,165,163,133,133,132,114,143,D
20210519 080438 218595,204,266,158,233,130,195,103,176,94,160,197,133,186,88,182,57,183,34,204,140,138,100,106,117,99,141,199,152,136,111,105,128,95,150,184,167,147,131,125,125,114,130,D
20210519 080448 761890,211,265,165,236,134,200,105,183,91,167,195,133,180,89,175,58,172,35,203,138,135,104,104,123,97,147,201,151,137,114,105,131,94,154,188,167,150,132,126,127,114,132,D
20210519 080454 176218,199,264,153,240,124,200,99,173,94,145,187,141,185,97,187,64,190,37,201,143,148,99,112,110,99,131,207,151,156,105,117,117,99,138,203,162,163,123,131,119,110,128,D
20210519 080456 795372,191,262,145,238,117,196,93,168,92,138,188,142,189,99,194,65,200,38,201,145,153,96,115,99,99,116,207,150,161,101,119,109,99,129,204,158,166,116,132,110,111,117,D
20210519 080507 992435,207,265,158,233,130,198,105,179,93,155,188,135,184,91,181,60,181,35,198,140,146,101,112,115,100,135,201,149,152,108,118,121,104,143,196,160,161,123,132,120,114,129,D
20210519 080756 369856,190,260,134,241,88,207,74,168,103,149,125,115,123,61,122,60,126,83,158,109,157,41,153,48,153,80,189,114,189,52,186,61,187,93,223,127,224,80,217,75,211,94,E
20210519 080759 126209,191,260,133,241,87,206,76,166,109,150,127,115,128,59,125,63,128,88,161,110,162,40,157,54,158,87,191,115,193,52,188,66,189,99,225,128,226,81,217,81,211,102,E
20210519 080801 630863,161,260,105,231,69,182,70,134,107,128,126,106,138,50,134,60,131,89,161,109,177,41,169,57,164,91,190,120,205,60,197,76,192,109,220,139,231,95,223,95,215,114,E
20210519 080803 720017,213,258,156,252,103,229,79,199,97,175,119,122,109,65,103,75,108,103,152,113,138,43,131,63,136,99,184,112,173,47,165,64,168,99,221,116,213,67,200,70,196,96,E
20210519 080809 107373,178,260,121,239,79,196,72,152,107,139,127,111,134,54,128,64,127,92,160,110,168,40,159,61,158,95,191,118,199,53,190,74,188,109,224,134,229,85,217,90,210,114,E
20210519 080811 582543,175,261,119,238,77,194,71,150,106,139,126,110,133,51,127,65,126,94,160,110,169,39,159,61,157,97,190,119,200,54,190,73,187,107,223,135,229,87,218,89,210,111,E
20210519 080814 474572,177,262,122,242,80,204,69,165,99,151,125,111,133,51,126,63,124,91,160,111,167,39,157,62,154,95,191,120,201,54,190,73,186,107,225,136,231,86,219,88,212,110,E
20210519 080821 003441,176,260,121,244,78,199,79,155,119,149,118,113,123,51,116,63,116,90,152,111,158,40,150,66,149,101,184,118,191,53,181,75,179,108,219,133,223,82,210,87,203,110,E
20210519 080823 145952,178,259,121,245,74,204,82,170,125,168,116,114,120,52,116,64,116,93,153,111,158,40,153,62,152,97,186,117,193,53,186,72,183,106,222,131,226,81,216,84,209,107,E
20210519 080825 580322,186,260,130,241,85,202,73,160,105,145,124,113,125,53,123,71,124,101,158,110,161,40,157,71,157,106,190,115,195,49,188,75,189,110,225,127,228,77,218,85,213,109,E
20210519 080828 449993,183,261,128,244,83,207,75,169,108,156,122,113,127,54,122,62,122,90,157,110,160,39,152,57,151,91,188,117,192,53,185,67,183,100,223,131,225,82,215,80,209,100,E
20210519 080841 253182,187,260,129,245,83,205,77,162,113,150,120,115,120,55,117,73,120,102,154,111,155,40,149,68,152,104,186,115,189,50,182,75,184,110,222,126,223,75,212,83,208,109,E
20210519 080843 310146,188,260,131,241,83,197,78,150,116,138,123,113,121,54,117,72,120,101,157,108,155,39,149,68,153,104,188,112,189,48,181,71,183,105,224,123,223,73,211,81,208,105,E
20210519 080845 042539,178,260,122,243,78,200,78,158,116,151,116,114,120,52,116,67,116,96,151,111,154,40,149,66,149,101,183,117,187,51,180,71,180,105,218,130,222,80,211,84,206,107,E
20210519 080846 228722,172,260,119,236,79,193,74,149,105,141,125,110,133,52,121,70,119,98,157,110,165,40,151,66,148,101,187,117,198,51,182,74,179,107,221,131,228,79,212,85,203,110,E
20210519 081047 368374,179,266,137,247,103,220,75,196,66,172,134,164,104,138,83,144,69,160,157,149,148,99,137,63,126,34,181,149,184,101,182,68,178,41,205,161,220,127,228,103,234,80,F
20210519 081053 554178,165,266,127,247,93,219,67,194,69,172,123,162,96,132,79,142,72,162,147,147,141,97,132,61,126,33,174,149,177,102,176,70,173,42,199,164,215,133,225,109,232,86,F
20210519 081055 761275,178,266,140,245,104,219,73,201,66,179,143,162,107,136,81,149,67,172,164,148,156,98,142,62,130,34,184,152,193,103,192,68,191,40,203,169,218,135,227,109,234,85,F
20210519 081058 152162,193,266,152,243,117,219,86,205,72,187,158,158,119,136,90,156,75,182,173,147,165,96,149,62,134,34,189,153,198,103,197,69,194,40,202,172,216,138,222,111,226,85,F
20210519 081059 873990,179,266,140,247,101,224,69,207,65,188,136,164,100,140,78,156,68,179,157,150,147,98,133,62,120,34,180,152,184,101,181,66,178,38,203,166,218,131,227,105,235,81,F
20210519 081103 639614,165,266,129,248,94,221,68,196,70,176,122,162,96,133,80,144,75,164,147,147,140,97,130,62,123,34,174,149,177,101,175,69,172,41,201,163,216,131,225,107,231,83,F
20210519 081105 546455,176,267,138,245,102,220,72,201,66,179,141,163,107,137,82,152,69,173,162,149,153,99,139,62,126,33,183,153,190,104,189,68,187,39,202,169,217,135,226,110,233,86,F
20210519 081107 080941,191,266,151,243,118,218,86,203,72,184,159,159,121,136,92,155,77,180,174,148,167,98,151,63,135,34,190,155,199,105,197,70,193,40,202,175,216,140,222,113,226,87,F
20210519 081110 035375,176,266,139,243,107,215,78,194,67,170,149,162,114,131,87,137,69,155,169,149,161,99,147,62,133,34,188,151,195,102,193,67,189,39,205,165,220,130,227,104,232,79,F
20210519 081111 938840,181,261,143,239,108,213,79,193,73,171,150,161,114,134,88,143,74,162,168,148,159,100,146,66,132,39,187,149,192,103,190,71,186,45,203,162,216,129,223,104,227,82,F
20210519 081114 667536,198,261,160,240,125,217,94,202,79,185,160,156,122,136,95,156,81,181,175,145,166,97,149,65,133,39,191,150,198,103,194,72,189,44,204,167,215,134,219,109,221,83,F
20210519 081121 635202,183,262,144,244,107,222,77,205,71,188,141,163,105,138,84,151,73,174,161,149,151,99,137,65,124,38,183,151,185,103,181,70,175,44,203,164,217,132,224,107,228,84,F
20210519 081123 224517,197,262,157,239,125,216,94,200,81,178,167,158,130,132,100,148,84,170,180,145,171,96,154,65,137,41,193,148,201,99,197,67,191,39,204,161,214,126,217,100,217,75,F
20210519 081129 813185,188,262,148,244,111,218,81,195,81,171,143,161,114,132,95,141,86,159,163,147,147,100,133,66,121,38,185,147,183,100,179,69,175,42,206,157,213,123,216,100,217,78,F
20210519 081132 149217,173,263,131,245,95,223,66,204,59,184,128,164,94,140,73,150,64,169,150,148,136,99,121,64,110,37,176,149,179,102,178,67,177,39,201,163,218,130,230,106,240,84,F
20210519 081133 781773,183,263,145,241,111,217,81,201,74,180,152,160,117,137,91,153,77,176,168,148,160,100,146,65,135,37,184,151,193,105,194,72,195,45,199,166,212,133,219,109,225,87,F
20210519 081137 731433,171,263,133,244,97,220,69,198,67,178,126,162,97,136,79,146,72,165,149,148,138,99,125,64,116,37,175,149,175,103,173,70,169,43,200,162,214,131,224,107,232,85,F
20210519 081201 184546,255,229,196,204,147,168,96,157,46,160,187,79,128,85,85,88,43,87,216,70,139,99,167,140,197,139,239,79,163,110,184,146,208,142,257,98,197,117,203,144,224,142,G
20210519 081204 492062,254,229,197,206,148,169,96,158,44,162,188,80,127,90,85,95,43,94,217,71,140,103,168,143,197,141,239,80,164,113,184,148,207,144,257,100,199,120,204,144,224,141,G
20210519 081207 013671,255,228,199,205,149,169,97,159,46,164,187,81,128,92,86,96,43,95,216,71,141,103,168,142,196,141,239,80,164,114,185,148,207,144,257,99,198,120,204,144,224,141,G
20210519 081208 717788,247,228,191,203,144,165,96,148,45,142,189,80,128,89,86,94,43,93,218,72,142,98,166,140,191,141,240,80,165,108,182,144,204,141,257,97,197,115,201,140,221,139,G
20210519 081213 012648,258,226,200,208,150,177,99,176,54,189,186,82,126,83,83,82,43,80,215,75,142,110,170,148,200,140,237,87,166,123,185,156,208,148,255,107,197,131,203,157,223,153,G
20210519 081215 618429,231,228,179,204,133,167,89,155,44,164,165,101,127,85,95,78,64,73,195,94,147,89,163,135,184,144,225,97,175,97,188,143,208,150,256,106,211,96,208,129,222,140,G
20210519 081221 430531,230,237,180,218,138,175,94,150,45,139,174,121,136,93,100,77,65,64,200,115,155,94,170,141,191,158,226,114,178,98,187,147,206,165,254,119,208,101,200,132,213,150,G
20210519 081225 672664,258,219,197,199,153,176,107,177,69,186,179,85,119,105,79,117,41,124,201,80,130,127,161,155,189,146,219,95,150,136,173,158,193,151,232,120,178,145,187,161,204,156,G
20210519 081227 076552,254,233,194,204,150,166,101,156,54,161,201,71,130,81,86,86,46,83,225,67,137,99,166,139,201,135,242,81,155,108,177,141,204,135,250,104,182,120,192,144,217,140,G
20210519 081229 733770,254,229,192,204,149,173,104,168,64,174,195,74,125,86,83,94,47,94,212,73,125,103,150,138,182,138,220,88,135,111,156,142,181,142,221,111,154,128,164,149,186,147,G
20210519 081233 419603,242,227,190,200,144,162,93,150,44,151,190,80,133,79,91,77,50,73,220,73,144,99,167,140,194,141,241,84,166,110,181,144,202,144,256,105,198,118,200,143,218,144,G
20210519 081234 875361,256,233,195,200,151,163,101,152,56,151,201,69,130,75,85,79,45,77,223,67,135,93,160,131,193,132,235,82,149,102,169,134,195,135,239,108,172,120,180,141,203,140,G
20210519 081237 927416,258,223,194,199,150,171,105,167,63,171,187,79,123,94,81,102,42,107,209,78,132,118,163,148,193,141,224,94,150,129,172,153,194,148,235,119,176,138,184,156,202,153,G
20210519 081239 251873,235,234,186,208,142,165,93,147,44,146,190,85,134,81,94,76,55,66,219,78,144,96,166,140,193,142,240,87,165,107,179,146,200,145,256,106,197,114,198,141,216,143,G
20210519 081240 569939,257,223,198,204,151,175,100,174,55,183,186,80,122,98,81,108,43,111,211,76,136,117,163,149,192,143,231,92,158,130,176,156,197,148,246,119,188,143,193,160,211,154,G
20210519 081311 925235,268,181,246,147,199,143,161,161,135,179,174,104,115,106,79,107,52,108,171,126,104,124,64,123,32,125,171,155,117,174,139,177,161,172,173,184,131,197,145,196,164,190,H
20210519 081313 815002,268,189,247,150,200,142,159,158,134,177,175,107,116,105,80,103,52,102,170,135,105,124,64,120,32,119,170,165,117,177,136,180,159,177,172,194,130,198,144,195,163,191,H
20210519 081325 361664,266,169,239,140,195,137,162,155,138,175,167,103,111,112,77,117,49,119,168,124,104,129,65,135,34,140,172,151,120,178,140,182,161,176,178,178,134,198,147,197,164,190,H
20210519 081333 133793,267,187,246,150,202,142,164,155,138,171,177,106,118,106,83,105,57,104,172,133,104,125,64,123,33,122,171,162,118,174,138,176,160,174,173,191,129,194,144,192,163,189,H
20210519 081334 073582,268,180,245,144,199,137,160,154,135,171,175,106,115,116,80,122,53,126,170,135,103,138,64,143,32,149,170,165,126,175,148,171,168,165,173,192,141,195,157,191,172,186,H
20210519 081335 393368,267,192,247,157,203,149,167,161,141,176,178,110,120,106,85,103,59,100,173,133,106,123,65,118,33,115,173,161,121,177,142,183,163,181,174,190,132,200,148,201,167,196,H
20210519 081336 845147,266,204,247,169,202,159,163,170,135,185,178,117,119,107,83,99,56,93,172,139,105,122,65,111,34,104,169,167,116,181,137,190,159,189,167,196,125,206,140,208,159,204,H
20210519 081340 957249,259,183,236,150,190,146,151,167,124,189,171,107,119,110,87,110,63,110,166,128,105,129,69,129,41,131,166,154,118,175,137,179,156,176,169,180,134,194,147,194,161,190,H
20210519 081341 812107,258,181,234,146,188,144,147,167,117,189,171,105,119,108,87,109,62,110,169,128,107,127,70,128,42,130,170,155,118,176,137,179,157,176,174,182,135,196,148,194,164,188,H
20210519 081343 694143,262,180,239,142,191,139,148,162,119,186,175,102,119,107,84,110,56,113,174,129,109,128,70,129,38,131,175,159,114,178,132,181,153,178,179,188,133,198,142,194,158,188,H
20210519 081344 781852,266,178,238,142,189,140,148,164,118,188,174,101,118,106,82,109,55,112,174,127,108,126,67,128,34,131,177,158,117,176,136,178,158,174,182,187,135,198,146,194,163,187,H
20210519 081346 069007,264,198,239,159,190,154,145,175,112,196,176,108,119,105,83,102,56,100,175,131,108,121,68,116,35,114,175,161,116,178,136,185,158,183,175,191,130,200,142,200,160,196,H
20210519 081347 372246,265,173,238,138,191,134,152,153,124,173,169,100,116,109,81,113,53,117,169,128,106,130,67,134,34,139,173,158,120,177,140,177,161,171,179,185,137,199,150,194,167,187,H
20210519 081348 428188,266,178,239,142,191,140,150,166,122,190,172,103,117,106,81,106,55,108,171,128,106,125,67,124,35,125,173,157,118,178,137,180,159,177,178,185,136,198,147,195,164,189,H
20210519 081352 239651,265,178,237,143,187,144,145,171,114,196,172,104,115,103,80,101,52,101,172,127,105,122,66,119,35,119,175,156,117,179,137,182,158,178,180,185,137,199,148,197,165,190,H
20210519 081416 835573,196,259,139,236,99,184,89,132,103,92,118,140,116,93,119,125,123,151,149,135,148,86,147,132,149,161,181,135,180,90,175,137,175,172,211,136,209,92,203,66,200,41,I
20210519 081423 547605,195,260,137,231,98,179,92,126,111,88,116,132,118,82,121,117,124,144,148,130,150,82,148,130,149,158,179,130,180,90,174,136,172,168,208,132,207,89,203,66,202,41,I
20210519 081434 687370,192,259,134,233,93,179,86,127,106,89,116,134,116,89,118,124,120,152,148,130,149,85,147,133,147,165,181,132,182,91,176,138,174,173,213,134,211,90,206,64,201,40,I
20210519 081439 492534,184,260,129,231,94,177,91,125,112,91,119,132,122,85,121,120,123,147,149,130,152,87,147,134,147,164,179,132,182,92,173,138,170,173,209,135,209,91,204,65,201,40,I
20210519 081441 574122,179,260,124,228,90,174,88,122,112,88,116,131,120,84,119,117,121,145,148,130,152,83,146,130,145,161,179,133,184,90,172,135,168,170,209,138,212,94,211,67,212,40,I
20210519 081443 232056,185,254,131,225,97,175,93,125,114,91,119,135,119,91,121,123,124,148,148,132,150,89,147,133,148,162,177,133,179,93,172,138,171,171,206,136,207,94,205,70,205,45,I
20210519 081445 906145,181,266,126,236,88,180,82,125,107,88,114,128,115,80,112,117,112,147,148,127,150,80,142,129,141,161,181,131,183,87,170,133,166,168,213,137,217,90,216,62,217,34,I
20210519 081449 635370,211,265,154,250,104,205,87,155,103,115,117,147,110,105,117,140,123,168,149,139,142,99,146,147,150,177,182,135,174,100,174,148,177,183,213,134,202,90,194,62,188,35,I
20210519 081451 184750,171,262,114,228,81,167,84,113,110,77,114,125,120,78,115,113,115,141,147,126,154,79,143,127,140,158,180,132,186,88,171,135,165,171,213,140,218,93,215,66,217,39,I
20210519 081452 743669,148,259,94,217,69,149,79,92,114,59,109,114,125,64,115,98,109,126,143,120,161,71,143,117,134,149,177,131,193,84,171,128,158,163,210,143,225,96,227,68,233,41,I
20210519 081453 889719,125,256,74,207,54,132,69,72,113,44,103,100,124,50,108,84,97,115,139,111,162,63,137,108,124,143,175,127,196,78,168,118,150,154,208,144,231,98,238,70,246,46,I
20210519 081457 617684,150,262,99,225,73,161,77,110,102,76,115,120,118,76,105,112,102,142,145,124,142,80,127,126,124,162,175,133,171,92,150,135,141,172,206,143,218,95,222,66,227,38,I
20210519 081500 855009,164,262,114,232,83,171,82,123,104,88,118,127,116,85,108,121,107,150,147,129,142,88,130,134,129,168,179,136,171,97,153,140,147,176,210,143,215,95,216,65,218,37,I
20210519 081506 291392,184,263,129,233,90,178,86,127,111,92,119,129,119,86,120,125,123,153,151,128,152,89,147,140,148,170,183,132,184,95,175,145,173,180,213,138,213,91,208,65,206,38,I
20210519 081521 414958,197,260,143,236,101,184,96,128,129,93,116,147,111,103,122,135,132,158,146,140,144,98,149,141,154,169,175,137,172,101,170,146,173,180,204,136,198,92,192,66,189,41,I
20210519 081525 319037,197,259,143,250,91,203,79,150,112,121,121,143,120,99,125,136,129,161,152,136,153,92,155,141,157,171,187,136,186,98,184,148,185,182,221,139,221,94,217,68,214,41,I
20210519 081526 558337,184,262,132,231,97,174,106,118,147,93,113,134,118,85,125,121,127,147,145,131,152,89,151,137,149,167,175,132,178,96,172,142,169,176,202,135,200,91,198,64,197,38,I
20210519 081528 924922,189,260,137,236,97,182,90,128,111,91,118,144,114,104,123,138,130,164,148,138,147,98,152,146,157,177,179,136,177,98,177,147,180,183,210,136,206,91,201,65,199,40,I
20210519 081532 045101,184,261,137,237,95,184,95,131,134,106,118,145,115,105,124,138,130,163,147,138,147,100,150,147,153,178,176,136,175,99,173,147,175,184,205,138,202,93,197,66,194,38,I
20210519 081535 718629,207,261,156,255,102,216,88,169,118,136,121,162,107,132,119,164,131,188,149,150,137,119,147,165,158,196,180,144,165,114,172,163,183,199,212,140,199,93,186,66,174,39,I
20210519 081559 000284,260,212,233,162,189,131,148,123,121,136,162,89,99,120,114,141,136,141,160,114,97,150,113,167,133,166,160,149,101,177,123,191,145,189,161,184,102,192,70,196,40,196,J
20210519 081600 048237,260,211,235,161,191,129,152,120,127,134,164,89,101,120,114,142,135,143,161,115,99,150,115,168,135,168,161,151,102,178,123,193,145,192,162,186,102,193,70,197,40,196,J
20210519 081601 319380,261,199,238,150,198,122,160,115,138,127,160,89,103,119,115,140,135,141,153,114,99,149,114,167,132,167,151,149,101,178,121,193,141,192,154,184,98,198,67,208,40,212,J
20210519 081602 067031,260,209,238,158,196,127,157,119,132,133,168,89,107,116,122,136,143,135,163,114,104,145,119,161,138,162,160,148,106,173,127,187,148,186,159,182,101,186,69,189,40,188,J
20210519 081602 821633,260,214,241,162,203,127,168,114,146,124,175,86,110,109,123,132,144,134,169,110,104,138,119,156,138,158,165,144,105,165,124,182,144,184,162,179,103,176,70,174,40,169,J
20210519 081610 579001,257,203,231,153,180,124,126,121,92,137,172,88,107,118,116,139,137,139,171,118,105,151,121,169,142,168,169,155,104,181,123,195,147,195,167,192,105,201,72,208,44,212,J
20210519 081611 580343,256,216,234,165,188,131,140,122,108,133,184,85,111,111,114,138,130,144,183,111,106,143,115,166,134,169,178,148,103,171,117,191,138,193,172,187,107,185,73,185,44,181,J
20210519 081612 419660,256,219,233,171,187,134,137,122,103,129,188,80,113,108,123,137,144,140,188,106,105,138,118,162,140,165,183,144,102,164,118,187,141,190,174,184,108,180,75,177,45,169,J
20210519 081617 539117,253,214,228,169,185,139,142,132,117,142,169,86,97,125,94,153,102,161,174,111,93,161,107,185,124,186,177,150,102,191,120,213,141,213,176,193,111,198,78,200,47,198,J
20210519 081618 138878,254,215,226,167,184,137,144,127,120,133,163,85,91,127,94,155,108,161,169,110,91,161,109,185,130,185,174,148,101,192,123,214,146,212,175,190,111,196,78,198,46,195,J
20210519 081618 838619,254,211,225,165,182,136,139,129,113,139,165,87,97,129,101,156,113,161,171,113,95,163,114,186,135,185,176,151,105,193,127,214,149,212,176,192,111,200,78,203,46,202,J
20210519 081619 809362,259,212,243,165,204,132,165,121,139,133,189,88,125,109,137,132,157,134,182,111,118,138,132,157,151,161,175,145,115,165,132,183,154,187,168,180,105,181,71,183,41,180,J
20210519 081621 004910,259,214,239,165,200,131,160,118,133,125,179,86,117,108,130,131,152,133,174,109,111,138,125,157,144,159,168,143,109,165,128,182,149,185,163,178,102,177,70,178,41,176,J
20210519 081621 628028,260,214,242,163,205,127,168,114,145,125,182,86,119,108,133,130,154,132,175,111,112,136,126,156,145,159,168,144,109,163,127,181,148,184,161,179,101,176,69,176,40,172,J
20210519 081705 200000,184,268,148,235,133,189,142,148,150,116,124,159,103,111,93,83,86,56,154,159,160,102,170,66,179,32,181,168,192,140,185,173,180,195,209,179,214,152,207,176,202,196,K
20210519 081711 754036,190,264,154,233,138,189,145,147,149,117,127,162,106,114,95,87,86,61,157,160,160,105,167,69,175,35,185,168,192,137,189,168,185,189,212,178,215,148,210,169,207,188,K
20210519 081713 644696,163,263,132,227,122,179,136,139,143,109,118,144,104,97,97,70,93,45,147,145,160,95,173,65,185,36,173,157,187,133,177,166,168,187,197,173,207,148,197,170,188,189,K
20210519 081714 848082,165,264,133,227,124,178,140,139,148,112,120,144,105,96,98,69,93,43,149,145,161,96,173,65,185,36,174,157,188,134,179,166,170,186,198,172,207,148,198,169,189,187,K
20210519 081720 941176,210,263,174,241,153,199,156,156,154,124,133,168,104,126,89,100,76,75,163,161,157,107,160,71,162,36,192,164,200,142,202,176,200,195,221,169,224,147,223,172,221,191,K
20210519 081728 729982,150,261,124,217,119,172,134,136,146,110,113,148,105,97,102,68,99,41,140,153,158,99,174,67,189,39,163,166,183,134,174,161,166,181,188,181,201,150,194,168,187,185,K
20210519 081730 804206,156,263,126,224,120,176,136,138,146,110,115,143,105,92,101,64,98,37,144,147,160,95,176,65,191,37,168,160,183,134,173,165,164,186,191,175,202,149,192,169,184,187,K
20210519 081735 902983,187,266,151,234,135,190,145,149,153,117,125,165,106,116,96,87,89,60,155,165,159,106,167,68,175,34,182,174,189,142,183,173,180,194,210,185,212,156,206,179,202,198,K
20210519 081743 022408,117,266,97,220,102,175,127,145,146,122,104,143,107,91,110,61,113,34,129,154,158,107,181,80,203,55,150,171,174,149,157,176,143,192,170,190,187,167,172,186,160,201,K
20210519 081745 331199,199,265,162,240,144,195,154,153,158,121,132,162,106,117,92,91,82,67,162,158,162,104,165,68,169,34,190,168,195,146,188,181,184,201,218,179,216,159,209,187,205,206,K
20210519 081748 470530,208,265,169,242,148,198,155,156,158,123,135,167,105,123,88,97,76,72,166,161,160,106,160,69,162,35,195,169,195,144,192,181,191,201,224,179,219,156,214,184,212,203,K
20210519 081749 603079,202,265,164,240,145,195,152,153,156,119,132,163,106,118,92,92,81,66,162,159,162,104,167,69,172,35,190,167,196,144,192,181,189,202,218,176,218,155,213,183,208,204,K
20210519 081751 492900,221,264,177,247,149,203,151,159,156,127,141,171,105,130,86,106,70,83,170,161,157,105,151,69,148,37,200,166,189,141,187,179,190,202,230,175,214,156,208,186,209,207,K
20210519 081754 051856,179,265,144,235,131,187,145,146,154,115,124,148,106,100,97,73,92,49,154,149,165,96,176,64,187,35,179,162,189,139,176,172,168,191,204,177,207,155,196,180,189,197,K
20210519 081758 227034,151,266,121,224,115,175,133,138,151,112,113,145,106,91,103,61,101,34,141,152,163,98,181,66,198,39,165,167,182,136,169,165,160,184,189,184,200,154,189,175,180,192,K
20210519 081759 468549,130,267,105,218,105,171,127,139,147,116,102,144,101,90,102,60,103,33,129,155,158,102,179,71,199,44,152,172,173,140,157,166,147,183,174,190,187,160,174,178,165,194,K
20210519 081816 604331,198,267,153,248,118,208,86,176,53,160,153,140,146,92,146,61,145,33,185,139,195,91,201,115,199,141,212,146,223,103,223,129,218,156,237,161,246,130,242,142,236,160,L
20210519 081818 340523,198,267,155,252,119,214,87,188,53,178,154,141,146,93,146,61,146,33,185,140,196,92,202,119,201,145,212,146,226,104,226,131,221,158,238,160,247,129,244,142,238,161,L
20210519 081823 287816,194,267,151,247,117,206,87,175,55,159,152,139,147,92,148,61,149,33,183,140,196,93,198,120,194,146,210,147,224,105,221,132,215,158,235,161,245,131,240,145,232,163,L
20210519 081825 060551,221,265,174,257,129,226,90,207,53,204,154,143,139,95,133,63,128,35,186,137,190,88,199,114,202,141,216,140,223,95,228,122,227,150,245,150,247,120,246,134,243,153,L
20210519 081828 286661,202,266,157,250,120,212,88,186,53,174,153,140,147,92,146,60,147,33,185,139,195,91,200,117,198,143,213,145,225,103,224,129,219,155,238,159,247,129,243,141,237,158,L
20210519 081834 033514,200,266,156,250,120,212,88,186,53,174,153,140,147,92,147,60,147,33,185,139,195,91,199,118,197,143,212,145,224,102,223,128,219,154,238,159,247,128,243,141,237,159,L
20210519 081835 620525,219,265,173,260,130,236,90,224,54,223,152,146,135,97,127,64,122,35,184,141,186,91,197,117,201,144,215,143,220,97,225,123,225,151,244,152,247,120,247,133,243,151,L
20210519 081837 294311,172,266,133,239,107,194,84,158,55,138,153,135,155,90,161,60,167,34,183,141,204,95,203,116,195,139,208,154,229,114,223,137,211,161,229,173,243,145,237,154,227,170,L
20210519 081841 506607,202,266,160,253,122,218,90,195,56,186,154,143,146,95,147,62,147,33,185,141,195,95,201,120,201,145,212,146,224,106,226,131,224,156,238,159,245,131,242,145,238,162,L
20210519 081843 481026,224,265,175,256,130,229,89,213,52,210,154,143,139,96,134,64,129,35,185,137,188,91,198,123,201,150,216,139,221,97,224,130,223,158,246,150,247,118,246,135,242,154,L
20210519 081844 862833,196,266,152,249,116,211,85,185,53,175,152,139,148,92,150,61,152,33,184,139,197,93,198,121,193,146,211,146,226,105,222,132,215,158,236,161,246,131,241,145,233,162,L
20210519 081846 003773,182,266,142,245,113,203,87,172,56,157,154,138,153,90,158,59,162,34,185,141,202,96,204,118,199,142,210,151,228,112,226,136,217,161,232,169,245,142,241,153,233,169,L
20210519 081847 539778,164,266,130,243,110,200,92,167,65,151,144,139,148,91,155,60,162,34,174,144,198,101,204,120,200,140,197,156,222,121,222,144,214,166,216,173,234,149,232,159,225,173,L
20210519 081848 597127,189,267,145,244,112,201,82,170,51,153,155,135,156,90,161,60,165,34,186,138,200,94,197,121,190,145,213,148,228,109,221,136,211,159,237,165,249,135,241,147,232,164,L
20210519 081849 878381,195,265,150,242,114,198,85,165,55,147,151,142,154,92,160,63,167,34,181,145,192,115,187,160,182,177,209,153,220,126,211,167,205,181,236,165,245,136,236,161,229,174,L
20210519 081851 118502,196,265,150,240,115,196,87,161,58,141,150,140,154,90,160,62,168,35,180,145,189,115,184,162,180,179,208,155,216,132,207,176,202,191,236,169,241,144,230,173,225,187,L
20210519 081856 445369,204,265,161,247,125,208,90,179,54,165,151,140,134,95,125,63,118,35,183,139,191,98,199,131,201,156,212,144,222,106,224,140,221,166,239,155,246,125,242,143,237,163,L
20210519 081857 916397,195,266,156,246,121,207,88,178,55,165,151,139,147,92,148,62,149,34,182,139,194,99,199,131,197,155,210,146,223,111,222,143,217,167,236,160,245,131,242,147,235,164,L
20210519 081923 340075,184,249,128,215,117,149,162,100,202,73,104,119,80,73,87,104,97,139,142,110,124,57,127,98,131,140,182,112,172,51,164,95,161,139,221,124,204,98,192,135,190,170,M
20210519 081925 358745,186,248,131,218,117,156,163,106,204,83,102,118,79,72,92,106,106,141,141,107,125,56,133,98,139,141,181,108,175,51,171,93,170,136,222,119,212,93,201,128,196,164,M
20210519 081934 119226,194,247,135,216,118,150,159,98,196,66,109,119,78,74,87,110,100,144,145,109,122,61,125,105,133,145,184,109,169,53,162,100,163,142,223,119,200,99,190,137,190,168,M
20210519 081944 599817,172,263,114,225,110,147,174,96,224,60,101,100,71,54,62,98,66,142,146,94,121,45,106,96,106,145,193,101,179,37,153,91,142,140,237,121,201,104,180,153,177,193,M
20210519 081948 053936,206,260,143,236,120,162,170,97,211,52,103,112,59,83,66,135,84,179,144,97,105,65,106,123,122,172,192,93,162,40,152,100,156,151,242,101,206,95,200,151,208,194,M
20210519 081949 771352,248,256,180,250,137,180,166,102,197,44,106,129,53,115,74,169,101,213,145,104,98,85,114,149,140,200,193,89,149,48,154,116,169,169,246,86,205,96,212,159,230,204,M
20210519 081953 580264,168,259,113,216,112,143,172,95,218,63,104,100,75,55,66,95,70,137,146,94,122,48,106,98,106,145,191,101,177,41,152,93,142,143,234,121,203,100,182,146,178,184,M
20210519 081956 529176,133,257,89,202,108,133,179,103,233,84,116,97,107,44,81,72,67,110,156,103,149,45,116,82,99,126,196,121,199,53,159,91,135,135,231,148,201,118,169,154,155,191,M
20210519 081958 632143,178,257,119,227,109,152,166,96,215,57,107,105,72,65,63,108,69,151,149,97,117,55,101,106,104,153,193,100,169,43,144,95,138,142,237,115,194,106,177,157,179,198,M
20210519 082000 868055,187,255,128,219,117,149,169,97,213,68,97,110,74,64,89,101,103,139,139,101,124,50,133,97,139,142,183,104,178,45,173,92,170,138,226,118,214,93,201,131,195,168,M
20210519 082002 307529,181,256,123,220,112,149,165,95,211,61,98,111,72,63,80,101,92,138,140,103,121,50,122,97,128,141,184,107,174,45,163,96,160,143,227,121,205,102,191,144,189,179,M
20210519 082005 358602,178,255,120,220,111,148,165,95,210,61,100,112,72,68,72,103,82,141,141,103,119,55,112,102,116,146,186,106,171,45,153,96,148,143,229,120,195,105,181,149,182,185,M
20210519 082006 774256,161,255,109,215,113,145,174,101,222,74,103,97,75,55,72,100,78,140,145,94,124,49,112,102,112,146,188,104,181,45,158,97,148,142,227,126,200,110,180,154,174,191,M
20210519 082009 432808,177,255,119,219,112,148,165,96,207,65,102,111,72,68,72,105,81,143,142,102,117,56,110,105,115,149,185,106,170,45,153,98,148,145,227,121,197,105,183,151,182,188,M
20210519 082011 968150,178,254,121,218,115,146,171,97,214,64,105,107,74,64,70,103,78,141,146,100,119,55,109,103,112,147,189,105,171,46,152,97,146,142,231,120,195,106,180,150,180,184,M
20210519 082015 089396,175,254,119,220,114,150,168,100,211,66,103,106,70,66,69,108,79,147,144,99,116,57,107,107,112,152,187,104,170,47,150,98,145,144,229,121,195,108,179,153,178,190,M
20210519 082019 380131,156,254,105,212,110,143,172,101,220,74,102,100,79,55,75,96,80,135,144,97,126,50,114,98,113,142,186,107,181,47,158,94,148,138,224,128,197,111,177,155,171,192,M
20210519 082022 186063,172,253,120,219,117,150,173,101,217,69,102,102,72,68,79,114,90,153,142,96,119,56,115,111,121,156,185,102,175,48,160,101,155,147,227,120,205,106,190,152,187,189,M
20210519 082023 103724,166,252,114,218,111,149,169,101,216,71,99,100,75,64,81,110,91,149,140,94,122,53,119,107,121,151,183,102,178,48,163,100,157,144,225,122,208,109,193,153,189,188,M
20210519 082034 472511,185,249,132,236,105,163,151,95,192,52,90,96,60,79,73,127,89,165,138,84,115,58,119,111,129,154,189,86,172,83,161,158,159,206,239,98,215,93,204,144,204,175,N
20210519 082036 137167,196,247,135,233,97,161,128,93,164,53,91,118,59,78,74,108,92,140,139,105,117,53,121,80,130,114,190,103,167,77,157,143,155,193,241,110,209,87,198,134,198,168,N
20210519 082037 561699,194,248,135,237,97,165,127,96,164,53,94,123,61,80,74,110,90,142,139,108,116,54,119,85,127,121,189,106,164,78,154,148,153,198,239,112,207,90,196,139,196,173,N
20210519 082057 089260,185,256,123,243,85,164,122,91,162,43,93,124,58,78,63,118,77,156,135,110,102,57,96,100,105,144,186,106,156,74,152,150,161,207,242,107,207,73,197,125,201,167,N
20210519 082102 055256,141,247,91,221,79,145,128,95,177,69,93,106,72,57,71,90,74,127,140,109,128,54,118,83,115,119,186,124,164,98,141,158,133,203,230,144,199,117,180,159,177,190,N
20210519 082111 304049,197,248,142,242,102,172,134,102,172,53,97,127,60,90,71,127,89,165,142,111,110,66,109,104,118,146,191,107,163,93,165,160,175,208,239,110,204,95,202,143,208,177,N
20210519 082113 754164,201,250,147,243,104,176,130,104,166,51,99,125,61,94,75,133,94,170,141,108,107,66,107,107,120,150,190,102,161,89,166,158,178,207,239,103,202,91,201,140,209,174,N
20210519 082115 809659,186,247,131,236,97,163,131,100,172,61,92,118,60,74,72,107,85,143,140,107,118,54,118,87,124,127,190,107,168,90,164,157,165,208,240,115,210,98,203,146,203,183,N
20210519 082117 110961,187,247,130,238,93,164,129,97,176,59,93,120,61,75,73,108,87,144,139,108,115,54,116,87,122,129,189,107,165,89,163,157,165,211,239,114,207,97,200,147,201,185,N
20210519 082117 911995,188,247,131,237,95,163,131,96,174,55,94,119,60,74,69,108,82,145,141,107,114,54,113,87,118,128,191,106,164,90,162,156,167,206,240,112,206,95,200,143,203,178,N
20210519 082119 330521,198,248,140,238,96,170,126,100,167,52,96,118,58,88,72,132,90,171,140,103,105,59,106,101,118,144,190,98,160,86,166,157,179,208,241,99,200,84,199,133,208,169,N
20210519 082120 416577,246,236,183,243,115,191,113,117,139,57,105,137,54,120,76,157,107,191,144,108,92,80,97,114,119,149,189,84,148,89,173,151,200,195,237,66,190,78,202,127,223,159,N
20210519 082128 204446,129,251,82,216,81,138,140,96,193,75,96,97,78,49,71,88,71,127,142,105,133,49,114,90,105,133,187,125,167,94,137,153,124,196,228,150,200,119,176,159,171,189,N
20210519 082129 513017,172,250,118,235,87,158,129,94,174,51,100,100,60,69,59,115,70,156,145,93,108,53,97,103,103,149,194,96,153,84,147,156,157,202,240,107,193,93,185,140,194,170,N
20210519 082131 833354,160,250,105,225,85,147,132,90,180,53,97,105,66,61,66,101,75,140,141,103,116,50,105,93,108,138,189,111,158,85,143,151,144,199,236,124,199,98,186,143,188,175,N
20210519 082218 182271,246,251,174,226,123,193,77,170,56,139,167,106,115,71,78,88,63,116,185,96,121,51,79,79,68,113,202,95,136,50,88,77,72,112,210,102,150,68,105,80,81,104,O
20210519 082219 936626,243,251,170,225,122,191,80,166,57,130,167,109,121,72,85,86,69,110,185,99,129,50,87,72,73,102,203,98,144,50,96,73,76,104,214,104,159,68,115,78,90,100,O
20210519 082222 555085,218,255,157,223,115,176,84,137,78,99,161,116,136,66,103,68,84,86,182,109,157,47,117,51,98,74,203,110,176,46,132,49,108,71,222,116,190,69,152,69,128,86,O
20210519 082226 113785,247,250,173,227,125,187,77,167,51,145,205,82,130,59,88,81,67,108,218,76,119,49,73,81,57,116,220,85,122,52,75,86,60,128,207,102,131,75,87,90,64,115,O
20210519 082231 667657,247,248,180,229,131,188,83,168,55,145,213,80,132,61,89,85,68,111,219,76,114,52,71,85,56,118,214,85,111,54,68,91,54,131,196,102,117,77,78,92,59,117,O
20210519 082233 838103,249,251,173,225,126,186,79,165,49,138,195,86,126,60,85,80,67,110,212,80,120,49,74,80,61,115,220,88,130,52,81,86,67,124,212,105,139,75,93,89,70,113,O
20210519 082235 523914,239,252,174,227,124,191,81,163,61,128,161,112,118,73,83,87,69,112,180,101,130,49,91,72,80,105,201,100,150,48,104,71,85,103,218,105,169,67,126,76,100,97,O
20210519 082238 076282,230,255,166,230,118,189,80,155,69,120,161,117,129,73,95,75,74,93,179,109,146,49,104,54,82,78,199,108,164,46,118,51,91,74,217,112,179,71,139,69,110,82,O
20210519 082239 832047,240,254,168,222,125,183,83,159,59,126,197,94,141,62,98,71,75,94,214,90,140,46,92,67,74,98,221,96,149,49,97,69,76,101,213,109,152,70,107,75,79,93,O
20210519 082241 666571,254,242,177,217,124,185,77,172,46,159,177,78,100,66,63,99,54,131,193,74,96,59,56,99,51,133,199,87,106,64,64,103,56,142,193,111,120,92,80,108,64,131,O
20210519 082244 522020,224,254,160,218,116,174,82,136,77,98,171,113,146,67,112,65,90,79,188,107,160,46,119,48,99,71,205,107,174,46,130,48,106,69,219,110,184,64,146,59,119,73,O
20210519 082245 584453,242,253,172,221,128,179,84,155,59,127,200,87,135,57,94,74,76,102,217,84,132,47,86,74,73,106,225,93,143,51,93,79,75,114,217,110,150,76,105,84,80,104,O
20210519 082248 403049,252,247,178,218,124,182,77,165,48,144,184,78,109,60,71,93,61,125,201,74,107,51,65,91,60,127,209,87,120,57,75,94,65,132,204,110,136,83,94,98,75,120,O
20210519 082251 892782,232,253,168,229,119,192,81,162,67,125,154,114,119,67,83,76,69,99,175,106,136,47,96,65,83,96,197,107,158,49,113,68,92,99,218,115,179,73,138,78,113,98,O
20210519 082254 597053,238,253,169,221,126,176,84,151,61,126,206,85,137,56,96,75,78,100,221,83,131,47,85,73,72,103,225,93,138,50,90,78,74,113,212,110,145,76,103,83,80,102,O
20210519 082255 714031,239,252,171,221,129,178,86,155,63,129,218,89,147,57,103,75,82,99,230,87,137,48,90,74,75,104,229,97,140,51,93,78,76,113,213,113,144,75,102,82,79,101,O
20210519 082256 800219,235,251,173,221,130,176,88,151,66,127,221,87,146,60,102,76,81,97,228,86,133,49,87,74,70,103,222,96,132,51,86,78,68,112,201,111,134,76,95,83,74,103,O
20210519 082257 838565,239,251,168,220,125,180,84,157,60,128,192,91,132,61,91,77,72,104,208,87,129,48,83,73,70,105,217,93,140,51,90,78,75,113,210,106,146,71,102,80,78,102,O
20210519 082258 986531,229,253,159,222,115,181,78,147,70,107,171,113,135,69,99,74,79,93,189,104,149,47,106,57,87,83,205,103,161,47,113,56,90,80,214,106,170,65,129,66,101,82,O
20210519 082300 357265,248,251,172,221,123,183,78,163,51,138,184,86,118,61,78,82,64,111,201,82,114,50,71,79,61,113,209,91,125,54,79,85,67,122,202,109,134,80,91,91,70,112,O
20210519 082350 782385,218,38,164,46,131,90,128,145,132,183,122,87,92,157,81,196,75,225,160,97,161,186,166,230,171,262,194,107,181,179,174,167,173,147,224,116,203,171,192,162,191,148,P
20210519 082352 321285,220,38,165,44,134,89,131,143,136,183,124,86,92,158,79,197,73,227,162,97,163,188,168,231,173,262,197,106,183,181,177,163,178,139,227,115,204,171,196,159,196,143,P
20210519 082355 805491,223,37,171,43,136,87,125,143,123,182,128,81,95,152,82,190,73,219,165,94,158,183,160,228,165,263,198,105,180,180,175,161,178,138,227,116,202,173,194,161,196,146,P
20210519 082357 961161,221,38,169,46,135,89,124,144,124,184,128,81,95,153,82,192,74,222,164,93,159,182,163,228,169,263,197,104,180,180,174,165,177,144,226,115,201,173,192,163,192,148,P
20210519 082401 482535,221,37,170,44,136,87,125,142,125,181,128,82,95,152,82,190,74,220,165,94,161,183,165,229,171,263,198,105,180,178,174,164,175,143,225,115,200,172,191,163,191,148,P
20210519 082402 451832,220,37,168,44,134,87,126,142,127,180,128,83,94,153,81,192,73,221,165,95,161,184,165,229,172,263,199,105,181,179,175,164,177,142,228,115,202,172,194,162,195,146,P
20210519 082403 554070,221,37,168,44,134,87,124,142,123,182,129,83,95,152,81,191,72,220,166,96,160,183,164,229,171,263,199,106,180,178,173,164,175,143,227,116,201,172,190,163,190,148,P
20210519 082405 990026,226,45,176,41,137,80,122,130,120,165,135,65,94,135,76,176,65,208,172,78,166,174,164,224,169,259,206,92,178,174,165,156,167,130,234,109,197,169,182,158,183,142,P
20210519 082407 022687,226,43,176,41,138,82,124,135,121,171,133,68,92,140,75,181,64,212,172,82,163,178,162,226,165,259,207,95,180,179,172,160,176,134,236,111,202,171,190,161,191,146,P
20210519 082407 723753,230,43,180,39,142,81,128,134,124,171,134,70,94,138,77,178,66,208,171,84,160,175,158,224,161,260,204,97,178,177,172,159,177,135,233,112,200,168,189,157,189,142,P
20210519 082410 064347,252,41,191,43,145,85,125,138,116,178,130,79,83,144,64,179,48,205,167,96,147,183,144,227,143,259,204,109,178,175,181,154,188,130,238,120,205,171,205,155,211,138,P
20210519 082417 885898,219,37,170,47,138,87,131,140,133,178,132,87,98,151,82,186,70,211,170,101,162,185,161,230,164,262,202,111,181,176,172,162,173,143,230,119,202,170,192,161,193,145,P
20210519 082419 673546,216,40,166,49,134,92,128,145,131,182,129,85,96,153,83,189,74,216,166,96,160,182,163,226,169,260,198,106,182,180,173,169,174,150,226,117,202,174,191,167,190,154,P
20210519 082422 925866,243,42,187,42,144,81,124,133,115,173,132,71,88,137,70,173,57,199,170,87,151,181,151,226,151,258,206,102,177,180,178,164,184,142,237,118,205,175,200,164,202,148,P
20210519 082424 227481,218,40,164,50,133,92,125,146,123,184,130,81,95,151,82,191,74,220,167,94,162,186,168,229,175,259,199,106,178,182,168,171,168,153,226,119,198,175,184,171,181,161,P
20210519 082425 313513,220,41,169,43,134,84,121,136,121,174,133,73,98,142,82,182,73,212,170,85,168,179,171,226,176,260,201,96,181,178,170,169,169,149,227,110,197,171,182,167,179,156,P
20210519 082519 907136,258,133,198,153,150,168,114,199,85,225,135,79,98,134,70,171,42,198,159,74,127,149,160,154,177,130,188,84,159,156,184,159,193,139,215,100,192,157,208,160,218,141,Q
20210519 082521 540266,257,136,196,152,148,167,113,202,87,226,136,77,99,133,72,170,43,197,161,74,127,146,158,149,174,126,191,85,162,154,184,157,192,136,220,101,194,156,208,158,217,138,Q
20210519 082522 447761,257,135,196,153,149,167,114,200,87,223,135,78,99,133,71,170,43,199,161,76,129,149,162,153,177,129,190,87,161,156,184,158,193,137,218,103,192,156,208,159,217,140,Q
20210519 082525 214972,256,132,197,151,149,167,112,202,85,227,134,77,97,133,70,171,43,199,160,73,125,146,157,150,173,126,190,83,160,153,182,156,191,135,219,99,194,156,209,158,218,138,Q
20210519 082526 632917,259,137,193,148,147,163,113,199,86,227,136,76,99,132,71,169,41,195,164,74,131,149,163,152,180,126,197,86,167,156,186,158,193,136,227,102,201,154,213,156,221,137,Q
20210519 082530 591753,258,134,196,151,150,166,116,200,91,223,138,78,99,129,70,165,41,193,163,76,128,147,161,150,178,127,193,87,162,154,184,157,195,136,222,103,193,155,208,158,218,140,Q
20210519 082531 824366,256,101,198,130,152,156,120,201,99,233,130,70,92,135,68,175,45,202,161,65,122,146,148,149,163,126,195,75,158,155,180,156,194,135,227,93,199,158,212,155,223,132,Q
20210519 082533 726755,257,121,196,145,152,164,118,202,94,228,138,74,96,119,67,157,42,187,165,72,123,140,154,143,173,120,195,82,155,150,179,154,191,135,222,98,192,153,205,156,215,139,Q
20210519 082535 513722,252,85,197,122,157,154,131,201,109,233,130,73,93,131,69,174,48,204,164,68,131,142,158,138,169,110,199,75,169,149,191,144,201,119,230,88,208,150,221,143,230,117,Q
20210519 082537 316408,248,72,194,114,156,152,135,202,112,237,124,72,91,138,70,184,51,215,159,65,129,148,155,144,166,114,196,71,167,152,189,145,199,117,229,84,211,151,223,141,232,112,Q
20210519 082540 568968,258,58,200,98,160,144,138,201,116,241,113,62,79,141,60,190,43,223,150,62,119,158,148,154,159,124,190,75,160,168,188,158,201,127,224,93,202,168,220,155,231,125,Q
20210519 082543 124588,263,63,206,85,154,131,128,192,115,236,92,65,69,152,52,196,37,231,118,65,102,163,128,148,137,115,154,77,138,168,163,154,172,127,189,93,175,163,191,151,198,126,Q
20210519 082725 988272,158,264,128,243,125,197,159,159,187,134,109,150,120,101,131,70,143,43,135,146,125,97,121,64,121,36,161,155,169,125,165,161,163,188,186,171,191,143,183,167,178,190,R
20210519 082727 569899,155,264,125,239,124,193,157,157,181,131,107,149,117,99,128,68,140,40,133,147,123,97,118,64,118,36,160,156,169,125,164,161,160,188,186,172,192,143,184,166,177,189,R
20210519 082730 015728,155,254,123,230,116,184,143,150,175,134,115,151,122,107,132,81,143,58,139,147,134,104,126,71,122,46,163,155,167,119,158,149,155,177,186,170,186,140,175,157,169,178,R
20210519 082757 613322,167,261,138,242,133,198,163,159,184,132,107,157,117,108,127,78,137,51,133,150,121,103,115,69,114,39,160,154,167,121,170,153,169,181,187,164,193,132,191,148,189,169,R
20210519 082831 314108,158,266,126,245,120,199,153,161,182,137,110,151,121,101,132,70,144,42,136,147,130,96,126,62,125,33,161,154,168,120,162,154,159,183,186,168,191,134,183,153,177,175,R
20210519 082833 079229,158,260,127,237,123,192,156,156,182,132,108,153,122,109,138,85,154,65,133,148,124,103,119,69,117,40,160,155,170,122,165,155,160,182,186,169,192,139,185,160,178,183,R
20210519 082834 118049,156,259,127,238,125,193,158,156,182,132,108,156,121,109,137,82,151,59,134,151,126,105,121,70,121,41,161,157,170,123,168,155,163,182,187,169,193,137,188,155,183,178,R
20210519 082835 967097,156,274,119,252,107,203,131,161,163,134,110,153,117,101,127,66,140,37,139,149,132,95,126,56,123,26,165,158,167,116,157,148,153,182,192,172,194,134,181,147,171,171,R
20210519 082839 122393,149,259,122,238,122,197,155,166,178,143,111,149,122,103,133,74,145,48,135,147,129,101,126,68,127,41,159,158,168,127,162,159,156,184,181,175,189,147,180,167,173,187,R
20210519 082843 329656,153,259,132,237,133,192,164,157,186,135,108,154,125,107,140,79,154,55,130,151,127,103,130,70,136,41,154,159,172,130,171,164,166,187,177,174,191,147,188,167,182,187,R
20210519 082844 863103,180,259,149,243,139,203,164,166,185,140,118,159,119,110,123,78,128,50,142,152,125,105,112,71,104,40,169,156,171,124,171,160,173,187,198,168,198,138,192,161,190,184,R
20210519 082849 943977,153,263,124,238,113,196,132,162,161,142,123,149,130,104,138,74,148,51,146,147,146,99,144,65,145,38,167,158,165,125,153,148,150,172,187,175,178,150,167,161,162,177,R
20210519 082926 649351,158,263,120,239,108,189,134,150,167,134,116,151,124,103,136,73,151,49,141,146,137,98,133,63,131,37,165,153,169,109,159,128,155,156,189,167,192,132,182,136,175,154,R
20210519 082928 204192,156,263,120,237,109,188,137,149,170,132,116,150,123,101,135,71,149,46,141,145,138,98,133,62,132,37,165,153,169,110,159,129,154,157,189,166,192,132,183,133,176,150,R
20210519 082929 800719,166,264,131,250,112,208,128,168,153,142,116,157,118,108,124,77,132,51,140,151,132,101,125,65,122,36,163,156,160,117,152,142,151,171,188,165,182,131,172,143,168,165,R
20210519 082931 325529,160,265,126,246,113,206,131,168,153,139,113,153,116,104,121,73,128,47,138,149,130,98,123,63,118,35,162,155,160,119,153,145,151,174,187,167,183,135,173,144,166,164,R
20210519 082932 759543,147,264,113,236,106,188,135,152,168,135,122,147,133,100,146,71,163,47,146,145,147,97,147,62,150,36,168,155,174,114,162,133,155,161,189,171,193,137,181,139,172,154,R
20210519 082934 031007,173,265,138,246,116,205,128,165,149,141,119,159,112,111,110,80,111,54,142,153,129,102,118,65,110,36,165,155,156,115,148,135,147,163,190,161,181,126,169,133,164,153,R
20210519 082935 397061,157,263,125,239,112,193,135,155,166,134,115,151,121,101,132,71,145,45,139,146,133,97,127,62,125,36,163,153,163,114,155,139,152,170,187,165,188,130,178,139,172,161,R
20210519 082939 207844,158,265,126,243,111,200,128,162,155,139,117,152,121,103,128,73,137,48,141,148,135,98,129,62,126,35,164,155,164,117,155,140,151,169,188,168,187,135,176,143,169,163,R
20210519 082940 748216,184,264,150,250,133,210,152,171,171,143,118,159,115,110,118,78,123,50,142,150,124,101,111,66,102,36,168,152,161,114,161,141,165,171,196,160,190,125,183,137,181,160,R
20210519 082944 961137,156,264,122,241,110,195,136,157,169,137,113,150,120,101,128,72,138,47,138,145,133,96,128,62,125,36,162,153,165,119,157,145,154,175,187,166,189,134,180,142,173,160,R
20210519 082946 379738,175,264,140,247,122,206,136,166,159,138,118,156,116,106,118,75,123,49,142,149,127,98,116,64,107,35,166,153,161,115,156,141,157,171,193,162,188,127,180,138,177,161,R
20210519 082950 576376,173,265,140,247,123,207,140,168,161,141,117,157,115,108,116,77,120,51,141,150,128,100,117,64,109,35,165,154,161,117,156,141,156,169,191,165,186,131,177,140,173,160,R
20210519 082954 162846,160,266,127,245,115,203,137,166,164,142,113,153,118,104,124,74,132,48,138,148,130,97,123,62,118,34,162,155,162,119,155,145,153,174,187,168,187,134,177,144,171,164,R
20210519 082955 621149,176,265,141,248,122,210,135,172,153,144,118,160,113,111,113,78,115,52,142,153,128,102,116,65,107,35,167,157,161,119,155,144,155,173,193,166,186,133,176,143,171,163,R
20210519 082958 511118,180,265,143,250,121,211,130,172,147,142,121,163,113,113,111,82,112,57,145,156,129,103,116,66,106,35,168,158,157,121,150,146,151,174,193,164,180,131,169,140,165,160,R
20210519 083000 200261,165,265,131,247,113,203,128,163,154,138,117,156,116,106,119,76,124,50,141,151,132,99,123,63,117,34,164,156,159,117,151,141,149,170,188,165,182,131,171,140,166,161,R
20210519 083038 636191,183,244,152,209,123,144,130,95,146,105,101,129,111,86,128,116,125,130,121,121,137,66,157,119,148,142,144,120,162,56,177,116,166,146,169,123,186,69,198,111,192,140,S
20210519 083044 080820,181,256,108,229,61,151,79,86,119,87,90,118,89,72,102,104,107,125,138,107,134,57,139,110,141,145,187,106,187,43,182,109,177,153,237,118,236,55,226,97,221,136,S
20210519 083046 298913,175,244,120,211,82,148,94,94,124,99,90,127,96,84,113,108,114,122,127,117,136,67,150,117,143,141,164,114,177,58,184,112,175,139,201,118,214,70,217,105,210,129,S
20210519 083050 365969,216,240,153,220,91,167,75,122,89,114,119,138,102,107,117,119,130,132,153,120,131,80,138,99,146,117,188,113,170,61,182,108,193,144,225,114,209,63,211,96,219,127,S
20210519 083056 745807,177,253,117,222,77,155,99,92,151,89,106,114,102,64,102,99,109,125,142,107,145,50,138,89,141,122,180,110,183,48,170,89,171,125,223,119,221,69,204,90,199,121,S
20210519 083058 078052,177,251,115,217,76,152,97,92,150,92,109,112,107,61,105,93,110,119,146,106,149,48,142,86,144,121,183,109,186,48,173,88,173,126,225,119,224,68,208,86,202,117,S
20210519 083059 233398,178,251,115,221,75,156,97,96,151,98,109,114,106,62,105,96,111,123,145,107,146,50,140,90,144,125,181,110,182,49,171,91,173,129,223,118,221,67,206,90,201,123,S
20210519 083101 321596,138,248,82,199,66,115,122,62,173,85,105,97,117,52,107,94,106,120,145,103,160,56,140,107,133,143,183,117,204,62,178,103,167,131,222,139,235,89,212,106,199,131,S
20210519 083102 538996,134,247,78,199,66,117,123,67,173,90,101,99,115,52,105,90,101,117,142,104,161,56,141,99,130,134,179,118,205,62,180,97,167,127,218,140,234,93,212,109,197,135,S
20210519 083103 671966,181,251,118,227,77,160,100,100,153,105,101,125,93,81,100,114,109,139,139,113,137,63,138,105,142,142,179,111,178,51,172,93,173,131,223,118,221,70,208,89,204,118,S
20210519 083104 472754,190,250,122,229,74,164,94,101,150,103,107,125,95,83,101,117,113,140,143,113,135,63,133,104,142,138,182,111,174,50,167,94,171,130,225,114,216,66,202,90,200,120,S
20210519 083107 145746,182,250,116,222,73,153,95,90,148,92,111,116,102,73,102,108,110,130,148,108,141,60,135,105,142,138,187,109,180,51,166,100,169,136,228,118,217,68,199,97,197,129,S
20210519 083107 730641,175,249,109,220,73,146,101,86,152,97,103,119,103,70,104,104,106,127,142,111,145,60,141,107,140,139,183,114,188,52,176,101,173,135,226,124,228,77,214,106,208,134,S
20210519 083108 377424,172,247,105,221,68,150,100,86,153,92,105,115,100,70,100,107,105,131,146,109,143,60,136,106,138,139,188,113,190,53,174,105,171,142,233,123,231,74,213,104,207,136,S
20210519 083113 886600,180,249,113,223,72,152,100,90,155,99,107,117,105,70,104,107,107,130,146,109,147,60,140,107,140,138,187,112,189,52,175,103,174,138,230,121,229,74,214,105,209,135,S
20210519 083115 357512,192,247,125,231,74,163,96,104,150,117,98,126,89,86,102,120,112,142,139,113,134,69,139,114,144,147,183,112,180,53,176,104,176,143,229,119,226,73,217,103,216,133,S
20210519 083119 678978,185,249,119,225,71,157,91,94,149,101,105,116,94,70,100,108,109,128,144,107,137,60,137,109,141,134,185,108,182,51,174,107,176,139,230,117,227,70,216,104,214,134,S
20210519 083122 752434,164,248,98,211,65,135,102,77,159,99,98,107,102,58,102,99,103,119,140,104,148,55,141,106,138,130,181,111,195,53,181,108,176,136,224,124,235,80,221,111,214,134,S
20210519 083125 736102,159,249,95,216,61,143,93,82,150,94,100,102,102,52,103,94,107,115,143,101,147,51,140,103,139,126,186,111,196,56,182,111,178,139,230,127,241,80,226,111,220,135,S
20210519 083145 643512,172,262,129,208,124,156,123,117,121,80,176,109,162,58,136,39,112,39,193,118,120,102,107,140,125,151,193,135,116,126,115,164,137,170,186,154,115,161,117,190,142,196,T
20210519 083224 385266,185,256,133,214,120,161,118,121,122,86,167,104,148,58,123,44,100,48,191,107,120,109,114,149,134,155,199,124,123,135,126,172,151,173,200,146,132,166,134,195,160,194,T
20210519 083229 521994,191,256,138,215,122,163,116,123,116,90,169,104,148,57,122,44,99,51,191,106,125,103,118,141,136,149,200,121,128,127,130,163,151,165,200,140,136,157,138,185,163,186,T
20210519 083231 059975,189,255,137,214,121,163,114,125,116,94,167,103,148,57,122,45,100,51,190,105,121,104,115,142,133,150,199,120,126,126,128,161,148,165,200,140,135,155,136,183,158,186,T
20210519 083232 691047,202,255,152,210,135,162,123,126,115,98,182,103,153,55,121,45,96,54,199,109,118,115,115,152,136,158,201,129,118,140,126,174,150,174,196,154,125,175,131,199,155,198,T
20210519 083233 859913,205,255,155,210,137,160,124,123,117,96,184,102,154,54,122,45,97,54,201,109,120,114,117,151,139,157,203,130,121,138,128,172,151,174,197,156,128,174,133,197,156,197,T
20210519 083234 824184,202,255,152,209,134,162,121,128,115,102,182,102,153,55,121,44,97,52,199,107,119,114,119,150,141,154,201,127,120,137,128,169,151,170,196,152,127,170,133,194,155,194,T
20210519 083235 710105,183,256,131,216,116,164,111,126,114,96,168,105,148,57,123,44,101,52,191,107,123,98,114,133,131,144,199,123,124,122,124,156,145,162,197,142,130,153,131,181,155,185,T
20210519 083244 476179,187,255,136,213,123,159,120,118,122,84,170,103,147,54,118,45,96,56,194,108,122,111,116,150,136,158,203,127,124,139,128,174,152,174,203,150,133,170,135,197,160,197,T
20210519 083246 078359,191,254,139,214,123,161,120,122,121,89,168,103,146,57,118,46,97,56,192,107,120,113,115,151,134,160,201,126,125,140,128,175,150,177,202,150,135,170,137,196,159,197,T
20210519 083248 397543,206,252,155,210,136,160,123,123,116,92,182,101,149,55,117,47,94,58,200,107,123,115,123,153,145,158,204,127,125,141,134,175,157,175,201,152,134,175,139,200,162,199,T
20210519 083248 729926,209,253,155,209,135,160,123,124,115,94,179,100,148,56,117,48,93,59,198,105,123,117,124,155,145,159,203,124,126,141,135,175,157,174,201,150,135,174,141,199,163,197,T
20210519 083251 102066,176,254,127,208,118,158,115,122,114,90,170,105,154,57,127,45,104,52,190,112,124,100,115,136,133,146,195,127,123,124,123,157,144,163,192,144,126,153,128,181,152,186,T
20210519 083253 236858,219,252,161,217,135,166,120,125,112,92,172,98,137,52,104,48,81,63,196,100,121,121,120,160,142,164,206,122,127,155,138,188,162,182,209,149,142,190,150,213,174,205,T
20210519 083254 939149,189,255,140,209,127,160,119,123,114,91,178,104,155,59,126,45,102,49,195,110,120,111,116,149,137,155,197,129,119,135,124,170,146,173,192,152,124,168,127,194,151,196,T
20210519 083258 395538,175,255,130,206,121,157,116,123,114,93,172,107,158,59,132,44,109,48,190,113,123,103,113,138,130,149,193,128,122,123,121,157,139,165,188,147,123,154,123,180,144,187,T
20210519 083412 310786,155,264,125,240,117,198,145,165,173,146,114,148,117,103,121,74,126,48,139,144,137,97,136,64,136,36,162,153,167,121,161,152,159,179,184,170,186,139,178,153,172,173,U
20210519 083414 131227,155,263,126,240,119,197,148,163,176,143,114,149,118,103,123,73,127,47,139,145,136,98,134,66,133,38,162,154,167,125,162,158,160,186,184,170,186,141,180,156,175,177,U
20210519 083416 050601,141,262,117,237,123,195,158,166,183,145,112,147,119,100,126,70,133,44,136,147,138,99,143,66,149,38,157,159,171,132,166,162,160,186,175,178,188,152,184,167,178,185,U
20210519 083419 127237,168,264,137,244,124,207,142,172,164,149,118,153,111,108,109,78,108,51,143,148,134,98,126,64,121,35,168,155,165,122,159,153,159,180,192,169,186,137,177,152,172,173,U
20210519 083423 422337,160,265,128,241,116,199,141,166,171,149,116,149,112,105,112,75,113,49,141,145,136,97,130,63,126,35,165,154,166,121,159,151,157,179,187,172,186,140,176,155,170,176,U
20210519 083425 228348,148,264,123,240,122,200,155,171,181,151,113,149,114,102,116,71,118,43,138,146,135,97,134,64,135,36,161,158,170,128,165,161,161,188,183,176,188,150,181,170,175,192,U
20210519 083427 749833,151,257,127,234,126,196,156,166,181,149,116,150,115,105,117,75,118,49,138,148,134,102,133,69,135,43,159,158,168,131,165,161,162,186,179,176,186,151,183,167,178,186,U
20210519 083429 115086,151,264,122,243,114,200,145,166,175,148,114,151,114,103,117,72,122,46,140,147,137,99,134,64,134,36,163,158,168,125,159,159,155,187,185,177,185,146,175,164,169,186,U
20210519 083430 255617,136,263,112,235,118,192,155,163,183,146,115,149,123,102,130,72,137,46,140,150,143,100,148,66,154,38,160,163,173,135,164,165,157,189,178,183,188,155,180,169,172,188,U
20210519 083431 537851,173,264,143,243,129,206,148,172,172,149,121,155,110,110,106,79,104,53,146,149,132,100,123,65,116,36,171,156,168,123,164,155,164,183,197,172,189,139,180,155,176,177,U
20210519 083432 563024,180,263,148,242,134,206,152,171,172,147,125,156,111,110,105,80,100,54,150,150,134,98,123,65,116,36,175,156,169,124,165,157,167,183,201,169,190,137,182,154,179,174,U
20210519 083434 198188,156,264,128,241,121,200,149,168,177,149,113,154,112,106,112,74,113,48,138,150,132,101,127,66,126,37,163,160,167,131,162,164,159,192,186,177,188,147,179,165,173,186,U
20210519 083435 646989,139,262,113,237,117,195,154,168,181,151,112,149,115,102,121,71,126,44,138,148,137,99,138,65,143,38,160,162,171,131,163,163,156,189,180,182,187,155,178,174,170,195,U
20210519 083438 185922,155,263,127,241,116,199,142,164,172,145,116,149,115,102,117,72,120,47,140,145,133,98,129,65,127,37,162,156,164,126,158,158,157,186,185,174,184,144,177,160,172,180,U
20210519 083439 103418,154,264,126,243,115,201,142,169,169,149,115,151,113,105,115,75,117,49,140,147,132,100,127,65,125,36,163,158,164,127,156,160,154,188,186,176,183,146,173,164,168,186,U
20210519 083441 192388,162,263,135,239,128,199,156,168,182,148,118,153,110,104,108,73,106,46,143,148,131,98,124,64,120,36,168,157,169,126,165,160,163,188,193,174,191,142,182,162,176,185,U
20210519 083444 546803,136,263,111,235,118,195,156,169,182,152,113,146,121,100,128,70,134,44,138,146,142,98,146,64,151,36,159,160,173,130,164,162,156,186,177,182,188,156,179,173,171,193,U
20210519 083448 973712,156,261,130,238,127,198,158,167,182,146,115,151,112,104,113,72,114,45,140,148,134,100,132,66,133,39,163,159,171,127,168,160,164,187,184,177,190,151,184,171,179,192,U
20210519 083523 626163,156,261,130,233,127,191,160,160,190,142,120,148,107,100,102,71,99,47,149,146,152,98,157,64,163,39,172,159,180,134,172,161,168,186,194,176,201,147,196,159,191,177,V
20210519 083525 266123,155,262,127,233,127,190,161,159,187,140,121,146,109,97,103,69,99,44,150,145,153,95,157,63,162,38,173,158,180,133,171,162,166,186,194,175,201,145,193,160,188,180,V
20210519 083528 050099,129,261,105,224,116,177,159,150,189,141,112,141,111,90,111,62,113,39,141,145,154,98,164,67,175,45,163,160,176,138,164,164,156,186,181,179,193,152,186,161,180,177,V
20210519 083530 324474,124,262,105,222,120,177,165,155,193,146,117,139,119,89,121,62,124,38,144,146,158,100,171,72,183,52,164,163,178,143,165,167,156,188,180,182,195,158,187,169,180,185,V
20210519 083535 305615,170,265,145,233,143,196,175,169,200,149,133,147,113,103,101,77,92,55,161,143,160,93,160,61,161,35,186,156,190,128,183,156,180,177,207,176,208,146,201,162,196,181,V
20210519 083537 358624,172,261,149,233,147,195,179,166,204,147,131,150,112,105,101,78,93,55,158,146,155,96,156,65,158,38,181,157,187,134,184,161,180,182,201,175,207,147,203,162,200,180,V
20210519 083540 180147,150,262,130,236,134,198,169,172,195,154,122,149,110,101,104,71,100,46,149,149,155,99,162,66,169,39,171,163,183,142,176,168,169,188,190,182,201,158,196,171,189,188,V
20210519 083541 754530,119,262,105,229,121,192,166,177,195,164,115,144,120,94,122,64,126,38,142,150,160,102,176,72,191,47,160,168,178,152,164,177,154,194,175,190,192,169,183,183,174,198,V
20210519 083542 610228,119,262,104,228,121,193,166,179,196,166,117,143,123,93,126,64,129,38,143,150,163,102,178,74,193,50,162,168,179,152,164,178,154,194,177,190,193,169,184,183,175,198,V
20210519 083544 878652,122,262,107,229,120,192,163,175,193,161,114,144,114,93,115,64,116,38,141,149,157,99,170,68,184,43,161,167,175,149,163,175,153,193,176,188,192,165,183,179,175,195,V
20210519 083548 124497,172,264,148,235,147,196,181,169,205,151,134,151,114,105,103,78,94,54,161,148,159,96,159,63,161,36,184,159,189,136,183,165,180,185,205,177,207,149,201,166,197,185,V
20210519 083550 507230,199,264,177,239,171,206,196,178,217,157,144,157,115,118,96,94,81,72,169,149,157,97,151,65,147,37,194,157,198,136,197,164,196,182,218,170,218,147,215,165,213,183,V
20210519 083553 435752,166,261,146,232,148,196,181,170,205,151,129,151,112,105,102,77,95,52,155,148,155,97,157,66,160,38,178,160,187,139,183,167,178,186,198,176,205,152,202,168,197,186,V
20210519 083555 088246,145,261,127,234,134,195,175,170,201,154,118,149,110,99,105,70,100,44,145,149,150,99,157,67,166,40,167,162,180,143,173,172,167,190,186,179,198,157,193,175,187,192,V
20210519 083558 193766,121,262,108,230,123,194,166,177,194,162,113,144,115,93,115,64,117,38,140,149,155,99,168,70,181,45,159,166,175,148,163,175,154,192,174,186,190,165,181,180,172,197,V
20210519 083600 081927,144,262,126,234,131,199,168,178,195,163,121,147,112,100,105,70,101,45,148,148,157,97,164,64,172,37,170,162,181,143,172,170,164,188,188,182,199,159,192,174,184,191,V
20210519 083605 296098,190,263,163,237,156,204,184,176,207,155,138,157,113,115,98,90,85,67,165,150,158,98,155,65,153,37,191,159,193,137,188,165,186,185,215,174,211,149,206,167,203,186,V
20210519 083617 487177,163,261,135,236,128,197,156,167,183,151,124,148,111,102,106,72,103,47,150,145,152,97,155,64,160,39,171,157,182,126,176,152,172,175,191,176,198,147,191,161,184,180,V
20210519 083619 065080,143,261,117,232,119,190,154,163,181,146,116,141,110,93,110,64,111,40,142,141,149,94,157,64,165,42,163,155,177,123,170,149,164,172,181,175,191,148,183,163,175,182,V
20210519 083622 098733,128,261,108,228,119,189,160,170,188,159,117,140,116,92,118,64,121,40,143,143,153,97,164,69,176,47,163,159,179,132,170,156,161,176,178,181,193,156,185,169,176,187,V
20210519 083639 814663,164,264,133,240,129,195,174,161,212,147,117,151,99,105,92,72,88,43,146,144,136,95,134,62,132,36,172,153,176,105,181,73,182,46,196,175,197,148,191,163,188,184,W
20210519 083642 490711,141,262,115,237,117,194,164,167,203,160,110,152,99,102,98,68,98,38,137,148,135,98,139,63,142,38,160,158,172,112,182,82,189,56,181,179,189,155,186,168,182,186,W
20210519 083645 058733,186,264,154,244,144,201,183,165,216,147,130,159,106,114,94,81,85,52,157,148,142,97,137,62,133,36,182,153,181,104,180,72,177,46,209,169,205,146,202,162,202,184,W
20210519 083653 322351,156,265,127,238,122,193,165,165,201,155,122,150,107,103,102,71,99,44,151,145,147,94,148,60,149,35,174,155,182,110,187,78,189,53,196,177,198,151,191,161,186,180,W
20210519 083655 442344,125,262,99,235,105,192,153,171,188,164,108,149,105,100,107,67,109,38,138,149,144,100,151,66,157,42,160,163,179,118,191,90,201,65,179,187,184,165,174,181,166,202,W
20210519 083656 543425,132,263,105,234,105,189,150,167,187,163,112,148,106,99,108,66,110,37,140,147,145,99,152,65,158,40,162,161,178,117,188,88,196,64,181,185,186,162,176,176,169,196,W
20210519 083657 607362,161,264,132,242,125,199,167,170,201,157,124,154,109,107,104,74,100,46,152,149,147,99,148,63,148,37,176,158,182,112,186,80,187,54,199,179,200,154,194,167,190,188,W
20210519 083659 316101,175,264,143,245,131,200,171,168,206,156,129,156,110,110,102,79,94,52,157,148,148,98,146,62,144,36,181,156,185,110,187,77,186,51,206,176,205,152,199,166,196,187,W
20210519 083700 810455,200,264,165,247,147,205,181,168,213,147,138,161,109,119,93,89,80,62,165,149,147,98,137,63,132,36,192,153,185,103,177,71,172,44,220,169,209,146,202,165,203,188,W
20210519 083707 846524,158,258,131,238,129,197,171,171,203,161,121,155,107,110,101,79,97,51,147,150,144,101,146,67,149,42,169,159,178,116,184,87,188,63,189,179,191,160,186,176,183,195,W
20210519 083711 546742,126,258,102,232,110,195,157,177,192,172,106,152,102,104,104,72,107,43,133,152,137,103,146,72,153,48,154,164,172,123,187,97,199,72,172,185,178,167,171,183,165,201,W
20210519 083713 277883,179,258,151,239,145,198,185,166,216,151,128,160,104,116,93,84,85,56,152,149,137,101,133,67,129,42,176,154,176,109,178,78,177,52,200,170,199,151,198,168,199,188,W
20210519 083714 362149,127,258,107,234,113,197,157,176,196,170,104,152,102,104,106,71,109,42,131,151,134,102,141,71,145,46,152,162,170,123,186,95,196,71,169,183,179,165,176,176,171,189,W
20210519 083715 846470,162,258,133,237,129,196,170,168,202,157,124,156,108,111,103,79,98,52,150,150,145,101,146,67,146,42,172,159,179,114,184,84,186,59,193,178,195,157,191,171,188,189,W
20210519 083717 009265,155,259,127,233,117,186,151,159,186,154,125,148,112,104,107,76,103,51,153,145,152,99,153,66,154,41,175,158,182,113,184,82,185,57,196,180,191,154,179,165,170,185,W
20210519 083718 164450,147,259,123,237,123,196,166,170,202,164,112,153,100,105,98,73,97,43,138,148,134,101,136,68,138,42,161,157,172,116,182,87,189,61,180,177,187,160,184,176,181,195,W
20210519 083724 006941,155,261,127,236,126,195,170,163,207,151,110,155,96,106,93,72,92,42,137,149,131,99,133,64,135,38,161,156,168,109,176,77,181,51,185,173,190,149,190,161,189,180,W
20210519 083728 721938,167,264,136,241,130,197,173,165,211,151,118,155,100,108,94,75,89,45,146,148,138,97,139,62,140,36,171,156,176,108,181,77,183,50,195,175,198,152,195,166,194,185,W
20210519 083754 328385,214,267,176,220,142,185,106,166,86,164,195,114,176,58,148,37,123,33,196,125,120,114,115,143,132,154,185,149,108,143,114,169,137,174,168,177,107,172,112,190,132,196,X
20210519 083755 113712,212,267,164,224,131,190,99,168,88,164,190,114,171,60,143,39,119,33,196,123,119,114,114,144,133,155,188,145,111,140,116,168,138,174,173,172,111,171,115,191,136,197,X
20210519 083756 716609,205,262,152,226,120,194,95,173,96,163,178,114,160,66,136,45,114,37,194,120,124,110,119,142,139,151,195,139,122,132,124,161,144,168,187,162,123,161,125,181,147,188,X
20210519 083757 619174,204,262,152,224,120,191,96,171,97,161,176,116,162,67,139,46,118,38,192,122,127,110,121,140,139,150,194,140,125,131,125,159,144,167,187,162,126,157,126,178,147,187,X
20210519 083759 022018,204,261,153,225,122,193,97,172,95,163,180,115,162,68,138,47,118,39,194,123,122,111,118,143,139,153,194,142,120,132,122,162,143,170,184,164,121,160,123,181,145,190,X
20210519 083800 039177,207,261,153,226,118,193,93,171,95,163,178,114,158,67,134,46,114,39,194,121,121,111,118,142,138,152,196,140,120,134,122,163,144,171,187,164,121,162,123,183,146,191,X
20210519 083802 790177,215,260,162,224,125,195,93,178,85,173,180,114,152,66,124,46,102,40,190,122,111,119,111,148,132,157,186,143,107,144,115,171,138,175,175,169,108,173,114,193,138,199,X
20210519 083810 460182,208,260,154,225,120,193,94,175,93,165,174,114,155,67,130,46,110,39,190,119,120,110,116,141,135,152,192,137,120,131,122,160,141,169,185,161,122,158,123,179,144,188,X
20210519 083812 163390,218,259,163,228,127,200,95,185,83,177,170,113,138,64,108,45,82,40,180,118,105,116,104,148,124,159,179,138,103,139,108,168,128,176,169,164,106,168,109,189,131,198,X
20210519 083813 998221,211,261,179,217,146,185,111,171,89,173,178,118,150,68,122,48,99,40,179,129,105,122,105,149,124,160,170,153,98,150,105,174,127,180,158,181,99,179,105,195,124,202,X
20210519 083815 153766,213,259,203,206,177,170,146,155,123,159,178,119,147,72,118,50,93,41,169,136,98,130,101,156,117,165,155,162,88,161,98,182,118,188,142,191,89,189,100,203,117,208,X
20210519 083816 456490,229,257,210,207,178,174,144,163,122,169,170,117,132,71,99,51,71,43,164,133,88,143,97,170,117,176,153,161,83,176,99,197,120,198,143,192,90,206,105,222,125,223,X
20210519 083817 573682,250,254,226,203,189,169,155,159,133,167,171,111,124,65,84,49,51,46,168,130,86,151,99,179,122,183,161,162,84,187,102,206,126,204,155,197,95,217,112,233,134,231,X
20210519 083819 223070,212,262,175,220,139,190,104,176,87,178,176,120,149,69,124,48,102,38,177,130,105,130,109,156,129,164,168,153,97,157,107,179,129,183,156,180,98,184,106,200,126,205,X
20210519 083820 461816,206,263,164,221,131,189,101,171,93,173,184,121,166,73,144,50,124,36,190,130,119,123,116,150,135,159,183,151,113,146,117,170,138,176,170,177,112,173,115,189,134,196,X
20210519 083822 051202,199,264,152,228,123,197,100,175,102,165,179,124,167,77,150,52,132,36,195,131,129,122,124,153,142,163,197,149,126,145,128,173,148,180,189,172,128,172,129,192,149,200,X
20210519 083823 346774,213,262,159,225,124,200,94,183,88,179,169,117,142,72,116,50,94,38,185,125,108,132,108,162,129,169,188,147,110,156,117,182,139,185,183,175,118,180,119,197,138,202,X
20210519 083829 923228,222,259,181,217,139,189,98,180,77,186,168,115,133,66,102,47,78,40,170,127,96,130,98,158,118,167,164,153,92,162,102,184,124,189,155,183,98,188,105,204,125,210,X
20210519 083832 962310,210,262,159,224,125,195,95,177,89,172,172,117,150,70,125,49,104,38,185,124,116,122,115,151,134,159,186,144,113,145,119,170,139,175,178,169,117,171,120,189,142,195,X
20210519 083901 973053,174,249,121,215,82,162,58,117,41,86,141,127,147,88,140,125,134,153,173,133,177,97,165,141,158,167,205,142,209,110,192,152,180,180,235,152,249,108,255,80,259,50,Y
20210519 083903 559510,172,247,120,213,83,156,59,108,41,74,137,121,147,79,142,116,135,144,169,127,179,90,167,135,159,162,202,138,211,104,195,147,181,175,231,149,246,106,253,80,258,52,Y
20210519 083905 347771,172,245,122,210,85,154,58,109,42,79,140,122,147,81,143,117,136,146,171,129,178,91,168,134,160,163,202,139,208,107,193,148,180,177,230,149,246,109,254,82,259,55,Y
20210519 083906 095511,171,246,118,210,81,155,57,108,42,74,136,122,146,80,141,116,135,144,169,128,177,91,167,135,160,162,201,138,208,105,193,146,181,174,229,148,245,106,252,80,257,54,Y
20210519 083906 749351,170,246,118,210,83,152,59,103,43,70,138,118,148,76,143,112,137,140,170,125,179,88,168,132,160,158,202,137,210,104,195,147,182,174,230,148,245,105,252,80,258,54,Y
20210519 083907 582455,124,250,79,202,58,139,48,89,42,51,120,119,140,81,126,113,113,139,150,135,169,101,146,140,131,164,179,154,196,123,170,159,150,183,204,172,230,136,244,113,258,90,Y
20210519 083908 437323,160,243,109,204,76,146,55,98,42,61,131,115,147,75,139,111,129,139,164,125,177,91,162,133,151,159,195,137,207,106,189,145,173,171,222,149,241,110,251,85,258,59,Y
20210519 083909 386130,166,241,117,208,82,154,60,110,46,80,134,121,146,86,141,123,133,148,165,129,174,96,163,139,153,163,194,139,203,111,188,151,175,176,221,149,237,109,247,85,255,60,Y
20210519 083911 541675,142,245,94,202,70,141,56,92,45,55,125,118,143,79,134,114,123,143,156,128,171,96,156,138,146,164,186,143,200,112,180,152,164,179,214,157,235,120,246,98,256,76,Y
20210519 083911 941629,142,244,96,202,71,141,57,92,45,56,124,117,144,79,134,115,124,141,156,129,173,98,156,141,145,165,185,144,201,115,181,154,164,180,211,158,233,118,245,95,256,72,Y
20210519 083914 906970,131,234,93,202,70,146,56,100,39,66,116,111,143,91,134,129,121,151,146,121,168,108,150,149,135,169,173,135,193,120,173,157,153,178,198,149,225,115,243,97,260,77,Y
20210519 083915 861878,149,237,104,202,76,145,59,99,41,67,124,116,145,85,139,121,130,147,155,125,171,98,159,139,148,163,184,137,199,111,183,150,167,176,212,148,233,110,247,87,258,63,Y
20210519 083916 547431,154,238,107,203,78,145,60,98,42,64,126,114,146,80,139,118,129,143,158,124,174,97,160,139,149,161,188,136,202,110,185,150,170,175,215,148,235,107,247,84,258,60,Y
20210519 083917 327324,187,250,137,221,95,170,65,128,43,101,138,133,146,96,148,133,144,161,170,135,177,102,175,147,169,176,202,141,207,112,200,154,190,184,231,148,243,105,252,78,257,50,Y
20210519 083918 650976,155,239,110,204,79,146,59,99,43,68,123,116,142,81,138,118,129,145,155,124,171,94,161,137,151,162,185,136,198,110,185,149,171,176,211,148,232,109,246,86,256,61,Y
20210519 083919 382793,146,235,101,203,73,147,58,100,42,66,117,113,140,81,135,122,124,147,149,122,166,96,153,140,141,162,179,134,195,109,178,148,162,173,206,145,230,107,245,88,258,66,Y
20210519 083920 014715,150,238,106,205,76,148,58,101,41,69,119,114,142,84,137,124,126,148,151,123,170,99,157,143,144,165,181,134,198,112,182,153,165,177,208,146,232,107,247,86,258,64,Y
20210519 083920 468834,138,235,96,203,70,147,55,100,41,66,112,111,139,85,133,125,120,149,144,120,165,101,150,143,136,165,173,133,191,112,174,150,156,173,200,147,226,110,243,91,259,71,Y
20210519 084032 949320,109,253,81,230,80,190,128,191,173,176,106,102,149,72,181,63,212,47,140,113,176,120,144,167,119,168,170,134,203,151,163,188,137,185,192,157,218,170,187,197,163,198,Z
20210519 084036 204864,109,253,83,228,83,188,131,190,175,174,109,100,154,70,185,61,215,47,142,114,177,120,145,165,120,168,170,136,202,149,163,187,138,186,191,160,218,168,189,195,165,199,Z
20210519 084038 005525,108,253,82,229,81,188,128,190,173,175,110,98,156,69,187,60,217,48,143,113,178,119,146,166,122,168,171,136,203,150,164,188,140,187,191,160,218,169,190,196,168,199,Z
20210519 084038 721778,109,252,83,227,84,187,131,190,175,174,111,99,156,69,188,59,218,47,144,113,179,120,147,164,122,167,172,136,204,151,165,188,140,187,192,160,219,172,190,197,167,199,Z
20210519 084039 085080,107,252,79,227,79,185,129,189,175,173,111,98,154,69,186,60,217,48,144,113,178,119,144,165,120,168,173,136,204,151,164,188,139,187,194,161,220,171,189,197,166,199,Z
20210519 084039 939074,107,252,81,228,81,187,128,190,172,177,110,97,156,69,187,60,218,47,143,112,178,120,144,166,118,167,170,135,202,152,161,189,136,186,191,159,218,171,187,197,164,198,Z
20210519 084040 455239,107,252,82,227,86,189,133,190,175,175,109,100,155,70,187,62,217,48,141,115,179,116,146,163,122,163,169,137,203,147,163,186,138,184,190,159,219,166,188,193,165,195,Z
20210519 084041 795685,108,253,82,228,82,188,127,190,171,173,109,98,155,69,186,60,216,47,142,112,178,120,144,166,119,166,170,134,203,151,162,188,137,185,191,158,219,170,187,196,164,197,Z
20210519 084042 859231,110,253,82,228,83,188,132,189,175,174,108,98,153,69,185,61,215,47,141,113,177,118,145,163,120,164,170,136,202,148,163,187,139,185,191,160,219,168,189,195,167,198,Z
20210519 084043 728669,108,252,80,227,79,186,127,190,173,174,110,95,154,67,187,59,219,48,145,109,180,119,146,165,121,167,173,132,206,151,165,188,139,185,194,157,221,173,189,199,164,198,Z
20210519 084044 359896,109,253,83,229,83,188,130,191,175,175,110,98,155,71,187,62,218,47,144,110,178,122,143,168,119,166,173,132,204,152,163,190,137,185,194,155,219,172,186,199,162,198,Z
20210519 084046 848721,109,252,82,227,80,185,127,189,173,175,113,96,157,69,189,60,220,48,147,110,180,122,146,165,121,166,175,134,205,153,165,188,141,185,195,160,221,173,190,198,167,198,Z
20210519 084047 934009,108,252,81,228,80,188,127,190,172,173,111,97,154,69,186,60,217,48,144,111,178,121,145,167,121,169,173,134,204,152,164,190,138,188,193,159,220,174,188,200,164,201,Z
20210519 084048 750224,111,252,83,228,81,188,126,191,170,176,111,98,153,70,184,62,216,48,145,111,178,121,144,167,121,166,174,134,204,152,163,189,138,185,194,158,219,173,186,199,163,198,Z
20210519 084049 266886,108,253,79,227,78,187,129,190,177,177,108,98,152,70,183,62,215,48,143,112,178,121,144,167,120,166,172,134,204,152,163,191,138,186,193,159,220,174,187,200,164,200,Z
20210519 084056 327830,92,251,74,229,95,197,150,184,191,167,100,103,157,74,194,65,226,49,130,116,177,118,144,166,117,167,158,136,197,142,160,182,135,182,179,156,208,162,181,190,159,196,Z
